ticker,fold_id,n,r2_oos,DA,da_minus_majority,ks_stat,ks_p,ks_reject_5pct,test_outside_train_range
AAPL,0,252,-0.046161591409339175,51.082251082251084,-5.627705627705626,0.0892857142857142,0.077466352858903,False,0.0
AAPL,1,252,-0.04555474319147401,49.166666666666664,-3.3333333333333384,0.0730158730158729,0.2061193289977073,False,0.0
AAPL,2,252,-0.07024510632336911,54.58715596330275,-0.9174311926605561,0.119047619047619,0.0041012451060149,True,0.0
AAPL,3,252,0.007478688949192791,55.895196506550214,3.9301310043668103,0.0861678004535148,0.0723852743039805,False,0.0
AAPL,4,252,-0.049324944172813634,50.20746887966805,-3.734439834024894,0.0471230158730159,0.6885272412848389,False,0.0
AAPL,5,252,-0.0299865051779844,49.35622317596567,-6.008583690987123,0.0679012345679012,0.237897934675845,False,0.0119047619047619
AAPL,6,252,-0.637187618214291,44.76987447698745,-8.786610878661083,0.1412698412698413,0.000192284200433,True,0.0
AAPL,7,252,-0.06703517987668284,53.38983050847458,0.0,0.0447330447330447,0.7300245830611044,False,0.0
AAPL,8,252,0.03619508063316512,52.04918032786885,0.0,0.1226851851851851,0.0016719768204397,True,0.0
AAPL,9,252,-0.034548253391172734,50.64377682403433,-0.42918454935622075,0.0873015873015873,0.0536174572418569,False,0.0
AAPL,10,252,-0.028930061238286342,51.70940170940172,-7.264957264957261,0.066609977324263,0.2383437320665592,False,0.0
AAPL,11,252,0.01935126628559658,51.69491525423729,-0.423728813559332,0.1087301587301586,0.0069784475339455,True,0.0039682539682539
AMZN,0,252,-0.1371060953083505,49.166666666666664,-1.6666666666666663,0.0426587301587301,0.8476373913247838,False,0.0
AMZN,1,252,-0.08160773936101551,54.66101694915254,4.23728813559322,0.0579365079365079,0.4699382879337553,False,0.0
AMZN,2,252,-0.08043172078752048,51.96506550218341,-5.676855895196509,0.1236772486772486,0.0025126349035889,True,0.0
AMZN,3,252,-0.11841966022987016,48.728813559322035,-9.322033898305088,0.1122448979591836,0.0072464397499477,True,0.0
AMZN,4,252,0.07736539497095485,55.319148936170215,-0.8510638297872353,0.0610119047619047,0.3635939158786139,False,0.0
AMZN,5,252,-0.010739863361639124,51.26050420168067,0.0,0.0890652557319224,0.0520902010085881,False,0.0
AMZN,6,252,-0.19402048497280844,42.083333333333336,-12.916666666666671,0.0789682539682539,0.1099093844660092,False,0.0
AMZN,7,252,-0.08958851103596976,52.320675105485236,0.42194092827004814,0.0468975468975468,0.6750740865905533,False,0.0
AMZN,8,252,-0.09892470122003272,51.821862348178136,0.4048582995951344,0.1739417989417989,1.2953016950308576e-06,True,0.0039682539682539
AMZN,9,252,-0.05011719625052824,47.008547008547005,-7.264957264957261,0.0644078144078145,0.275964308686446,False,0.0
AMZN,10,252,-0.013177613000207256,47.03389830508475,-4.237288135593214,0.0300453514739229,0.9801362690178458,False,0.0
AMZN,11,252,0.003588013299025805,52.04918032786885,0.8196721311475419,0.0558201058201057,0.4394993979452005,False,0.0
AVGO,0,252,-0.03063354160343157,53.97489539748954,-4.184100418410042,0.0773809523809523,0.1733278455584377,False,0.0079365079365079
AVGO,1,252,0.03480608257283235,58.15899581589959,6.694560669456062,0.0904761904761904,0.0616215533252899,False,0.0
AVGO,2,252,-0.06833445397493221,55.932203389830505,0.0,0.0998677248677248,0.0255587698271547,True,0.0
AVGO,3,252,-0.08726721927755543,49.789029535864984,-1.2658227848101222,0.0697278911564625,0.2260330898539985,False,0.0
AVGO,4,252,-0.016339928646137647,54.50819672131148,-0.4098360655737765,0.0307539682539682,0.9806787532144065,False,0.0039682539682539
AVGO,5,252,-0.10927244185129514,50.0,-2.066115702479343,0.0348324514991181,0.9389233132688062,False,0.0119047619047619
AVGO,6,252,-0.8514911167748493,43.80165289256198,-14.876033057851245,0.0888888888888889,0.0509038761908713,False,0.0
AVGO,7,252,-0.013930866081656612,53.58649789029536,-0.8438818565400852,0.0465367965367965,0.6843039541967885,False,0.0
AVGO,8,252,-0.0799461254265792,53.941908713692946,2.904564315352698,0.1005291005291005,0.0170680902982337,True,0.0
AVGO,9,252,-0.026857788631786228,53.21888412017167,-0.42918454935622075,0.0421245421245421,0.7868332974529556,False,0.0
AVGO,10,252,0.009817130374796035,51.85185185185185,1.6460905349794164,0.1026077097505669,0.0132350227364696,True,0.0039682539682539
AVGO,11,252,-0.0023845941064841725,50.62240663900415,-3.734439834024894,0.0703703703703705,0.1847629411887144,False,0.0
BA,0,252,0.001900501718298253,56.76855895196506,1.7467248908296984,0.0624999999999998,0.4007965392025766,False,0.0
BA,1,252,-0.035751028144126895,54.04255319148936,2.9787234042553234,0.0412698412698411,0.8572399760733236,False,0.0039682539682539
BA,2,252,-0.046049200373645904,47.80701754385965,-9.649122807017546,0.083994708994709,0.0911120868707864,False,0.0
BA,3,252,-0.01052466215076353,52.78969957081545,-7.296137339055797,0.1014739229024943,0.0201791697536242,True,0.0039682539682539
BA,4,252,-0.01566300970438217,44.72573839662447,-6.7510548523206815,0.1046626984126984,0.0139196397883555,True,0.0
BA,5,252,-0.16991137110017474,44.35146443514644,-8.786610878661088,0.1552028218694885,3.1708550352454766e-05,True,0.0238095238095238
BA,6,252,-0.9354023714654092,51.417004048582996,-0.8097165991902799,0.225,1.1945410489196682e-10,True,0.0515873015873015
BA,7,252,-0.035393083581080065,49.159663865546214,-5.882352941176477,0.1132756132756132,0.004952731177745,True,0.0
BA,8,252,-0.08986078967826705,42.67782426778243,-10.460251046025103,0.1177248677248677,0.0029282928389826,True,0.0
BA,9,252,-0.0696041981457789,47.21030042918455,-4.29184549356223,0.0317460317460317,0.9674015913967186,False,0.0
BA,10,252,-0.05485815862929444,48.148148148148145,-2.880658436213995,0.0850340136054421,0.0633381561177061,False,0.0
BA,11,252,-0.046225514037395055,47.47899159663865,-3.7815126050420145,0.0367724867724869,0.8964420225259458,False,0.0
BAC,0,252,-0.05786855099783428,52.54237288135594,2.1186440677966156,0.117063492063492,0.0075455524675378,True,0.0
BAC,1,252,-0.05498181986718542,47.88135593220339,-4.661016949152535,0.0515873015873016,0.6189392553269512,False,0.0
BAC,2,252,0.0029533399798726823,57.446808510638306,-0.8510638297872242,0.1051587301587301,0.0159330003029207,True,0.0
BAC,3,252,-0.09644678861853628,45.72649572649573,-5.128205128205127,0.1258503401360544,0.0017134047157484,True,0.0
BAC,4,252,-0.019336890380937,47.8448275862069,-2.155172413793105,0.0887896825396825,0.0557573726017255,False,0.0
BAC,5,252,-0.011547689709123343,51.0548523206751,-0.8438818565400852,0.0533509700176366,0.5246892365141889,False,0.0039682539682539
BAC,6,252,-0.3762082878011257,47.368421052631575,-6.477732793522267,0.1317460317460318,0.000641333023279,True,0.0
BAC,7,252,-0.021659525974808247,56.59574468085107,5.106382978723412,0.0360750360750359,0.915661611148777,False,0.0
BAC,8,252,-0.0488964270469332,49.17355371900827,-6.6115702479338845,0.0796957671957671,0.0994787641190481,False,0.0
BAC,9,252,-0.048999088024165305,47.05882352941176,-3.361344537815125,0.0641025641025641,0.2810882022810652,False,0.0
BAC,10,252,-0.03179443554386552,49.78540772532189,-0.4291845493562263,0.0853174603174603,0.0619027713108155,False,0.0
BAC,11,252,-0.006800132110694523,50.83333333333333,-6.666666666666665,0.0873015873015873,0.0517498542276529,False,0.0
BRK-B,0,252,-0.044193078430876165,56.57894736842105,3.0701754385964897,0.0694444444444444,0.2777120363455034,False,0.0
BRK-B,1,252,-0.08854294201529656,50.8695652173913,-3.4782608695652195,0.0849206349206349,0.0930772501843775,False,0.0
BRK-B,2,252,-0.019378605675721916,56.76855895196506,4.366812227074234,0.1157407407407407,0.0057531201982915,True,0.0
BRK-B,3,252,-0.20900576981617114,46.15384615384615,-8.14479638009049,0.0833333333333333,0.0896256615432425,False,0.0
BRK-B,4,252,-0.02303396572761618,51.09170305676856,-2.183406113537123,0.0510912698412698,0.5886022991360821,False,0.0
BRK-B,5,252,-0.09591788411923896,47.98206278026906,-4.932735426008966,0.0489417989417989,0.6346039427305143,False,0.0158730158730158
BRK-B,6,252,-0.9534804028884933,45.689655172413794,-10.34482758620689,0.1035714285714286,0.0137842295322255,True,0.0
BRK-B,7,252,-0.09774873597006262,45.33898305084746,-8.898305084745761,0.0613275613275614,0.338571260038691,False,0.0
BRK-B,8,252,-0.050271879380111795,48.497854077253216,-4.721030042918456,0.1107804232804232,0.0061712842904668,True,0.0
BRK-B,9,252,-0.08472642335567859,50.0,-6.194690265486724,0.0955433455433455,0.0263145659212699,True,0.0
BRK-B,10,252,-0.02506552291463704,49.107142857142854,-5.357142857142855,0.052437641723356,0.5225786387459961,False,0.0
BRK-B,11,252,-0.05215382907604793,50.0,-1.3157894736842035,0.0499999999999999,0.5807770630448321,False,0.0
CAT,0,252,-0.05665390199624332,50.427350427350426,-0.42735042735042583,0.0912698412698412,0.0669772122344657,False,0.0
CAT,1,252,-0.07789838030183271,51.66666666666667,0.8333333333333415,0.0817460317460316,0.1164330635772193,False,0.0
CAT,2,252,-0.016186303645990607,53.58649789029536,2.9535864978902926,0.0601851851851851,0.4033029885492307,False,0.0
CAT,3,252,-0.14106275973355875,42.22222222222222,-16.444444444444446,0.1269841269841269,0.0015080527385668,True,0.0
CAT,4,252,-0.0068506588959380554,50.43103448275862,-0.8620689655172487,0.0853174603174603,0.0732713696750192,False,0.0
CAT,5,252,-0.07625792424864297,48.275862068965516,-2.1551724137930997,0.0471781305114638,0.6794106048660951,False,0.0039682539682539
CAT,6,252,-0.45933436012911555,45.867768595041326,-9.917355371900827,0.1293650793650793,0.0008552769536126,True,0.0039682539682539
CAT,7,252,-0.016045470621332658,56.355932203389834,3.8135593220338992,0.0422077922077921,0.7916306784781669,False,0.0
CAT,8,252,-0.10603294441905509,52.892561983471076,1.2396694214876103,0.068121693121693,0.2219027044504059,False,0.0
CAT,9,252,-0.05577814872135245,53.16455696202531,-4.2194092827004255,0.0799755799755799,0.0956436217251935,False,0.0
CAT,10,252,-0.00692217385848215,50.84033613445378,-1.2605042016806678,0.0538548752834466,0.4882214707414161,False,0.0
CAT,11,252,-0.01864723008025404,56.84647302904564,0.4149377593360981,0.1214285714285715,0.0017297714289907,True,0.0039682539682539
CRM,0,252,0.019012488574235653,55.55555555555556,4.938271604938271,0.0436507936507937,0.8275729370611609,False,0.0
CRM,1,252,-0.07948879891531169,56.837606837606835,3.8461538461538436,0.0777777777777777,0.1521811147973415,False,0.0039682539682539
CRM,2,252,-0.10619107807226302,49.34497816593886,-2.183406113537117,0.1388888888888889,0.0004398590500692,True,0.0
CRM,3,252,-0.09446485498164492,53.78151260504202,-4.201680672268915,0.1763038548752834,1.8991972374810116e-06,True,0.0
CRM,4,252,0.007859952208589482,51.037344398340245,-4.9792531120331995,0.0768849206349206,0.1359184951254485,False,0.0
CRM,5,252,0.014109006026493343,50.64377682403433,-1.2875536480686622,0.044973544973545,0.7347623682337464,False,0.0039682539682539
CRM,6,252,-0.2740179022592184,44.44444444444444,-10.68376068376069,0.0884920634920635,0.052587449376751,False,0.0039682539682539
CRM,7,252,-0.06782406332533841,48.08510638297872,-2.5531914893617005,0.0407647907647907,0.8247485295574951,False,0.0
CRM,8,252,-0.061523905803768875,49.795918367346935,-1.6326530612244872,0.1412037037037037,0.0001678910107589,True,0.0
CRM,9,252,-0.04358528197057887,53.21888412017167,-3.433476394849788,0.0753968253968254,0.1338236907083808,False,0.0
CRM,10,252,-0.10456015669688234,49.79253112033195,-1.6597510373443924,0.0663265306122448,0.2426271214788201,False,0.0039682539682539
CRM,11,252,-0.12385325792630497,51.24999999999999,0.0,0.0613756613756613,0.324164981889585,False,0.0
DIS,0,252,-0.050776000270466914,53.04347826086957,-2.608695652173909,0.0813492063492064,0.1342452049798466,False,0.0039682539682539
DIS,1,252,-0.04141719498780749,50.62240663900415,-3.734439834024894,0.0507936507936507,0.6383174807973754,False,0.0039682539682539
DIS,2,252,-0.08577951560772457,48.86877828054298,-1.8099547511312208,0.1249999999999999,0.0021768635274287,True,0.0
DIS,3,252,-0.043459592617561826,54.424778761061944,3.0973451327433565,0.0873015873015872,0.0663233436255265,False,0.0
DIS,4,252,-0.05968572660215021,49.557522123893804,-1.3274336283185861,0.0357142857142858,0.9299731237200553,False,0.0
DIS,5,252,-0.057841722503949144,48.51063829787234,-2.9787234042553177,0.0793650793650793,0.1100029730903963,False,0.0158730158730158
DIS,6,252,-0.5582188091937235,47.71784232365145,-2.904564315352692,0.1432539682539682,0.0001480155260325,True,0.0119047619047619
DIS,7,252,-0.05787823761776001,51.28205128205128,-1.7094017094017144,0.0927128427128426,0.0356961366590609,True,0.0
DIS,8,252,-0.08197760561054501,48.11715481171548,-6.694560669456062,0.1729497354497354,1.5239283641063563e-06,True,0.0039682539682539
DIS,9,252,-0.062283296264844745,46.835443037974684,-5.4852320675105535,0.0604395604395604,0.3478846472143992,False,0.0
DIS,10,252,-0.043227604859184865,56.19469026548673,4.867256637168138,0.0393990929705214,0.8462919571759173,False,0.0
DIS,11,252,0.04442589030118793,46.69421487603306,-7.851239669421483,0.0910052910052909,0.037768695723958,True,0.0
GOOGL,0,252,-0.012048971358710414,54.356846473029044,4.149377593360992,0.0595238095238095,0.4624305469379891,False,0.0
GOOGL,1,252,-0.049621564121652195,50.86206896551724,-3.4482758620689724,0.0484126984126984,0.6964515544542726,False,0.0039682539682539
GOOGL,2,252,-0.0831695852601706,52.36051502145923,-2.145922746781115,0.1104497354497354,0.009692223421033,True,0.0
GOOGL,3,252,-0.1255720905725466,48.917748917748916,-9.090909090909093,0.0839002267573696,0.0859260632229036,False,0.0
GOOGL,4,252,0.02883741677528262,54.78260869565217,4.347826086956519,0.0704365079365079,0.2086552524689388,False,0.0
GOOGL,5,252,-0.07139291921814639,47.82608695652174,-7.391304347826089,0.0374779541446208,0.898121498527275,False,0.0039682539682539
GOOGL,6,252,-0.526634381133837,42.916666666666664,-14.583333333333332,0.128968253968254,0.0008968507963078,True,0.0
GOOGL,7,252,0.034735283947087914,57.26495726495726,0.8547008547008517,0.0515873015873016,0.5557148093676451,False,0.0
GOOGL,8,252,0.008525348664962462,51.2396694214876,-2.892561983471076,0.1729497354497354,1.5239283641063563e-06,True,0.0
GOOGL,9,252,-0.035204481316790215,47.05882352941176,-7.563025210084029,0.0964590964590965,0.0242174597254121,True,0.0
GOOGL,10,252,-0.009120108565330298,53.13807531380753,-4.184100418410042,0.0768140589569161,0.1191052853046967,False,0.0
GOOGL,11,252,-0.02125748695457874,52.2633744855967,-1.2345679012345734,0.0716931216931218,0.1689478952180372,False,0.0
GS,0,252,-0.07530542409117924,50.43859649122807,-4.824561403508776,0.1041666666666666,0.0240584096683788,True,0.0
GS,1,252,-0.05648020594791814,51.037344398340245,0.4149377593360981,0.038095238095238,0.9132630732766088,False,0.0
GS,2,252,-0.05531450385696424,51.072961373390555,-4.29184549356223,0.0793650793650793,0.126642233424308,False,0.0
GS,3,252,-0.04284694536994604,45.18828451882845,-7.5313807531380785,0.0691609977324263,0.2340556812497734,False,0.0
GS,4,252,-0.06123700941127708,47.43589743589743,-6.41025641025641,0.0783730158730158,0.1224514743044927,False,0.0039682539682539
GS,5,252,-0.026673661414781114,54.23728813559322,2.5423728813559365,0.041005291005291,0.8281468114561826,False,0.0039682539682539
GS,6,252,-0.6772442760802881,45.04132231404959,-10.330578512396698,0.15,5.9146226468232994e-05,True,0.0
GS,7,252,-0.10058711471295378,45.643153526970956,-5.394190871369292,0.0533910533910533,0.5114176119127932,False,0.0
GS,8,252,-0.09312622705485496,48.52320675105485,-2.53164556962025,0.0572089947089947,0.4186724578732951,False,0.0
GS,9,252,-0.07069848871326889,46.15384615384615,-4.700854700854695,0.0659340659340659,0.2513550402272005,False,0.0
GS,10,252,-0.051616717181871996,51.75438596491229,-2.1929824561403466,0.0680272108843537,0.2177725835312414,False,0.0
GS,11,252,-0.029789433911791896,51.46443514644351,-5.857740585774063,0.0761904761904762,0.1230571272464549,False,0.0
HD,0,252,-0.014919965898841925,52.42290748898678,-2.643171806167399,0.0456349206349205,0.7849207526662364,False,0.0
HD,1,252,-0.06242947478282934,49.57627118644068,-5.508474576271183,0.0523809523809524,0.5996406390041191,False,0.0
HD,2,252,-0.06966998358031806,53.94736842105263,1.3157894736842146,0.0879629629629629,0.0676893960664627,False,0.0
HD,3,252,-0.04741683088004378,51.78571428571429,-4.46428571428571,0.064625850340136,0.3060070561372427,False,0.0
HD,4,252,-0.020624461435040597,47.11111111111111,-5.33333333333334,0.0486111111111111,0.650989465165089,False,0.0039682539682539
HD,5,252,-0.07003061810249345,44.25531914893617,-11.489361702127665,0.0595238095238095,0.3857660024347433,False,0.0238095238095238
HD,6,252,-1.1622827074702333,45.14767932489451,-11.814345991561186,0.1214285714285714,0.002149024577159,True,0.0039682539682539
HD,7,252,-0.09099843403533892,52.118644067796616,-2.9661016949152463,0.0494227994227994,0.610376083353613,False,0.0
HD,8,252,-0.03772338490105964,46.21848739495798,-6.302521008403361,0.1415343915343915,0.0001606626625515,True,0.0
HD,9,252,-0.15994223128756024,47.21030042918455,-6.4377682403433445,0.0305250305250305,0.9773931288607288,False,0.0
HD,10,252,-0.0515166116521264,46.15384615384615,-5.982905982905972,0.1062925170068027,0.0091827022051103,True,0.0
HD,11,252,-0.013348931693946353,52.96610169491526,-1.6949152542372836,0.1095238095238095,0.0064249094313195,True,0.0
JNJ,0,252,-0.05708697620826264,51.98237885462555,-0.8810572687224627,0.0773809523809524,0.1733278455584377,False,0.0
JNJ,1,252,-0.040335393264979924,51.082251082251084,-0.8658008658008587,0.0682539682539682,0.2736570480737494,False,0.0039682539682539
JNJ,2,252,-0.01834894839911949,55.348837209302324,1.3953488372092981,0.0806878306878306,0.1154924556268686,False,0.0
JNJ,3,252,-0.04836277758845675,49.09090909090909,-4.090909090909095,0.0396825396825396,0.8679417601161401,False,0.0119047619047619
JNJ,4,252,-0.031763854803921854,46.22222222222222,-8.444444444444443,0.0744047619047618,0.1610079707556543,False,0.0039682539682539
JNJ,5,252,0.05287514148563399,50.678733031674206,-2.26244343891403,0.0515873015873016,0.5679773790696098,False,0.0119047619047619
JNJ,6,252,-0.22131328399131744,45.9915611814346,-8.016877637130799,0.0876984126984127,0.0560989535935273,False,0.0039682539682539
JNJ,7,252,-0.11306930550977357,46.25550660792951,-3.9647577092511046,0.0696248196248195,0.2047013254340599,False,0.0
JNJ,8,252,-0.011805584262192248,54.62555066079295,2.643171806167399,0.1018518518518518,0.0150519935032349,True,0.0
JNJ,9,252,0.00023166434932686553,52.888888888888886,0.8888888888888835,0.0454822954822954,0.7033355253242061,False,0.0
JNJ,10,252,-0.06457020087307108,47.78761061946903,-4.867256637168143,0.0643424036281179,0.2742220198614193,False,0.0
JNJ,11,252,-0.020513485755454752,51.09170305676856,-7.423580786026207,0.0894179894179895,0.0432959155988665,True,0.0
JPM,0,252,-0.0922326549407535,49.130434782608695,-6.521739130434784,0.117063492063492,0.0075455524675378,True,0.0
JPM,1,252,-0.07361363529382281,45.14767932489451,-6.329113924050628,0.0452380952380951,0.7719047184936885,False,0.0
JPM,2,252,-0.04970153713935521,49.77777777777778,-6.666666666666665,0.1362433862433862,0.000604360377734,True,0.0
JPM,3,252,-0.0688410596077107,48.29059829059829,-2.1367521367521345,0.1145124716553288,0.0057643246625662,True,0.0
JPM,4,252,0.05044459948512381,62.83185840707964,8.849557522123897,0.0714285714285714,0.1958304213101488,False,0.0
JPM,5,252,-0.04550564665602108,48.706896551724135,-7.327586206896547,0.0573192239858906,0.4327556351325891,False,0.0158730158730158
JPM,6,252,-0.7833029569861418,47.325102880658434,-4.115226337448558,0.1436507936507937,0.0001404065518641,True,0.0
JPM,7,252,-0.10341035748445204,44.34782608695652,-6.086956521739129,0.0454545454545454,0.711847298514342,False,0.0
JPM,8,252,-0.06356524150791021,47.5206611570248,-2.8925619834710705,0.0899470899470898,0.043971967976363,True,0.0
JPM,9,252,-0.01293946284003189,54.20168067226891,-4.621848739495804,0.1123321123321123,0.0050598219059234,True,0.0
JPM,10,252,-0.012456810512155192,52.17391304347826,-4.347826086956519,0.0637755102040816,0.2837733329103647,False,0.0
JPM,11,252,-0.009596563346808917,45.02164502164502,-10.389610389610388,0.058994708994709,0.3709079876704011,False,0.0
KO,0,252,-0.05900139461447251,48.38709677419355,-4.147465437788012,0.0555555555555555,0.5514488072404921,False,0.0039682539682539
KO,1,252,-0.1742024070332251,43.43891402714932,-8.144796380090503,0.0396825396825397,0.8868899876292,False,0.0
KO,2,252,0.019982712367403566,53.669724770642205,1.834862385321101,0.0839947089947089,0.0911120868707864,False,0.0
KO,3,252,-0.10720545313688556,45.11627906976744,-10.697674418604652,0.1009070294784579,0.0212357005545069,True,0.0
KO,4,252,-0.02611786376961045,47.767857142857146,-5.803571428571424,0.060515873015873,0.3734532984866157,False,0.0039682539682539
KO,5,252,-0.09310025970469704,48.214285714285715,-4.910714285714285,0.0480599647266314,0.6570168002757685,False,0.0079365079365079
KO,6,252,-0.29449831156207695,51.271186440677965,-0.4237288135593209,0.1416666666666667,0.0001825344018612,True,0.0119047619047619
KO,7,252,-0.05170485993238283,48.87892376681614,-8.071748878923762,0.0602453102453102,0.3596614020415868,False,0.0
KO,8,252,-0.0774440427508345,50.21459227467812,-2.5751072961373356,0.0757275132275132,0.1328733459650324,False,0.0
KO,9,252,-0.02553004948763915,54.112554112554115,2.164502164502169,0.07020757020757,0.191135176446527,False,0.0
KO,10,252,-0.028501498287395677,50.22026431718062,-4.405286343612335,0.0289115646258503,0.9867012029992664,False,0.0
KO,11,252,-0.05895028158876836,45.689655172413794,-4.741379310344823,0.0751322751322751,0.132818031220651,False,0.0
MCD,0,252,-0.05594429993492711,46.04651162790698,-5.116279069767443,0.0704365079365079,0.262595274179163,False,0.0039682539682539
MCD,1,252,-0.03321650325941139,53.61702127659574,-0.42553191489361764,0.1,0.0285905085119774,True,0.0039682539682539
MCD,2,252,-0.014430494879391631,54.26008968609865,-0.4484304932735439,0.0575396825396825,0.4600274324571566,False,0.0039682539682539
MCD,3,252,-0.08564302769905052,52.07373271889401,-7.834101382488479,0.0833333333333333,0.0896256615432425,False,0.0039682539682539
MCD,4,252,-5.044969303580338e-05,58.64978902953587,7.1729957805907185,0.0902777777777777,0.0494321563141107,True,0.0
MCD,5,252,-0.07956125510831202,49.137931034482754,-5.603448275862072,0.058641975308642,0.4041788078215075,False,0.0277777777777777
MCD,6,252,-1.1405753325697505,45.614035087719294,-7.4561403508771935,0.107936507936508,0.0089943310844903,True,0.0079365079365079
MCD,7,252,-0.14242154647442895,48.69565217391305,-3.0434782608695645,0.044011544011544,0.7479923835509462,False,0.0
MCD,8,252,-0.027933976116034653,50.21459227467812,-2.145922746781115,0.1097883597883598,0.006839310193723,True,0.0
MCD,9,252,-0.05302086401517725,50.0,-5.909090909090908,0.0409035409035408,0.8153742225651132,False,0.0
MCD,10,252,-0.002055110650914349,50.0,-1.7543859649122862,0.0569727891156461,0.4166828505516898,False,0.0
MCD,11,252,-0.02622277034909426,50.0,-1.3157894736842035,0.0714285714285714,0.1720222121526722,False,0.0
META,0,252,-0.06363099794686788,53.98230088495575,-0.8849557522123908,0.183531746031746,2.188240491552414e-06,True,0.0
META,1,252,-0.1510563125847233,53.58649789029536,-0.42194092827003704,0.073015873015873,0.2061193289977073,False,0.0039682539682539
META,2,252,-0.1092107412814507,55.41666666666667,4.583333333333339,0.0542328042328041,0.536262097586626,False,0.0
META,3,252,-0.06810694609571577,50.81967213114754,-7.786885245901642,0.0742630385487528,0.1691805698021276,False,0.0
META,4,252,-0.012415935744187756,52.719665271966534,2.5104602510460317,0.0719246031746031,0.1896513180658011,False,0.0
META,5,252,-0.06972003177401076,53.90946502057613,3.703703703703709,0.1296296296296296,0.0008967538793772,True,0.0039682539682539
META,6,252,-0.021915208804724085,49.37238493723849,-2.510460251046026,0.0988095238095239,0.021522702534592,True,0.0
META,7,252,-0.051526934464299234,51.21951219512195,-2.0325203252032464,0.0454545454545455,0.711847298514342,False,0.0
META,8,252,-0.07281882951382546,51.68067226890757,-1.680672268907557,0.0304232804232804,0.97879008179081,False,0.0
META,9,252,-0.042002476857959214,53.13807531380753,2.9288702928870314,0.0808913308913308,0.0892161555881847,False,0.0
MRK,0,252,-0.0064542349317147085,54.8936170212766,3.404255319148941,0.0416666666666666,0.8667001251621593,False,0.0
MRK,1,252,-0.06722103084915187,50.0,-1.304347826086949,0.0841269841269841,0.0985147194266472,False,0.0
MRK,2,252,-0.014481829640589527,53.275109170305676,0.4366812227074246,0.0529100529100529,0.5680669248208342,False,0.0039682539682539
MRK,3,252,-0.13955258341076426,46.08294930875576,-5.0691244239631335,0.1031746031746031,0.0172848765383308,True,0.0
MRK,4,252,0.014375241331990085,54.700854700854705,-1.2820512820512775,0.0639880952380952,0.3080154877831421,False,0.0
MRK,5,252,-0.0594946930210416,50.212765957446805,-2.127659574468088,0.0590828924162257,0.3949072759693534,False,0.0039682539682539
MRK,6,252,-0.022506480492936465,53.94736842105263,2.6315789473684292,0.0841269841269841,0.074498690589683,False,0.0
MRK,7,252,-0.04722818259605477,50.22026431718062,-1.3215859030836996,0.0533910533910533,0.5114176119127932,False,0.0039682539682539
MRK,8,252,-0.0451860398170294,48.484848484848484,-8.658008658008654,0.0628306878306879,0.3066119572281839,False,0.0
MRK,9,252,-0.0165319944436082,47.23404255319149,-7.234042553191489,0.03998778998779,0.83586084178339,False,0.0
MRK,10,252,-0.04904588584659253,43.04347826086957,-8.260869565217382,0.08078231292517,0.0885146318474537,False,0.0
MRK,11,252,0.01245071668046649,53.47826086956522,0.43478260869564966,0.13994708994709,0.0001712913307254,True,0.0
MSFT,0,252,-0.1068444373567452,47.391304347826086,-3.478260869565214,0.0625,0.4007965392025766,False,0.0
MSFT,1,252,-0.02103257361027744,50.877192982456144,-0.43859649122807154,0.0492063492063492,0.6771248461562692,False,0.0079365079365079
MSFT,2,252,-0.02505662652095486,55.00000000000001,3.1818181818181857,0.123015873015873,0.0026979135916305,True,0.0
MSFT,3,252,-0.11285000280307123,48.87892376681614,-9.865470852017937,0.1252834467120181,0.0018255496900966,True,0.0
MSFT,4,252,0.029241381722835524,56.22317596566524,0.42918454935623185,0.0833333333333333,0.0852306258518629,False,0.0
MSFT,5,252,0.0866971739823823,55.84415584415584,-3.0303030303030387,0.0824514991181658,0.087533416131404,False,0.0079365079365079
MSFT,6,252,-0.6477673265247965,41.52542372881356,-13.983050847457623,0.1083333333333332,0.008644345606436,True,0.0
MSFT,7,252,-0.03750167601279464,54.347826086956516,1.7391304347826098,0.0588023088023087,0.3890705012637056,False,0.0
MSFT,8,252,-0.05721372257658963,47.77327935222672,-4.858299595141707,0.1421957671957672,0.0001470801846978,True,0.0
MSFT,9,252,-0.04295607467581153,50.42372881355932,-5.508474576271183,0.0656288156288157,0.2561429733525121,False,0.0
MSFT,10,252,-0.022664985897489665,51.46443514644351,-1.2552301255230214,0.064625850340136,0.2695342757149048,False,0.0
MSFT,11,252,-0.03753513785434914,44.58874458874459,-8.225108225108224,0.0746031746031745,0.1379293038507222,False,0.0
NEE,0,252,-0.017751941941716254,56.27705627705628,-2.164502164502158,0.0555555555555555,0.5514488072404921,False,0.0
NEE,1,252,-0.055739674957272944,50.43103448275862,-3.879310344827591,0.0563492063492063,0.5057157955571042,False,0.0039682539682539
NEE,2,252,-0.03817608676357387,52.63157894736842,-1.7543859649122862,0.0264550264550265,0.9975559863536442,False,0.0039682539682539
NEE,3,252,-0.008108706495468798,55.947136563876654,-0.8810572687224627,0.064625850340136,0.3060070561372427,False,0.0
NEE,4,252,-0.00925713395487704,48.90829694323144,-10.480349344978174,0.0555555555555555,0.480819504739392,False,0.0
NEE,5,252,-0.01421740857345366,55.41125541125541,-3.0303030303030276,0.0564373897707231,0.4524185950968906,False,0.0238095238095238
NEE,6,252,-0.2698044254310503,45.79831932773109,-6.722689075630256,0.1503968253968254,5.5964666341407854e-05,True,0.0039682539682539
NEE,7,252,-0.05446621504343985,55.08474576271186,-1.2711864406779738,0.0757575757575758,0.1351629454190193,False,0.0
NEE,8,252,-0.0164487176326662,48.10126582278481,-2.9535864978902926,0.1471560846560846,7.482925957974271e-05,True,0.0
NEE,9,252,-0.021917860449017557,48.53556485355649,-2.510460251046026,0.1227106227106226,0.0015971337829184,True,0.0
NEE,10,252,-0.04412410261905708,46.058091286307054,-7.4688796680497935,0.1298185941043085,0.0006555373873761,True,0.0
NEE,11,252,-0.026856213090781456,54.54545454545454,-2.164502164502169,0.0923280423280423,0.0336438007880113,True,0.0
NFLX,0,252,-0.08162109338093693,41.25,-12.916666666666664,0.1011904761904761,0.0308393263990878,True,0.0
NFLX,1,252,0.00034412603264644126,54.43548387096774,2.0161290322580627,0.0499999999999999,0.6577291931770358,False,0.0
NFLX,2,252,-0.269822292314736,48.11715481171548,-2.092050209205021,0.1276455026455026,0.0016264111811883,True,0.0
NFLX,3,252,-0.12717399481532343,51.48936170212765,-2.553191489361706,0.1179138321995465,0.0040544875572472,True,0.0
NFLX,4,252,-0.10427533445805204,50.0,-0.4098360655737654,0.0416666666666666,0.8195150922581044,False,0.0
NFLX,5,252,-0.16041209926073874,50.627615062761514,1.1102230246251565e-14,0.0599647266313932,0.3767565882776779,False,0.0
NFLX,6,252,-0.2632334540331589,49.37759336099585,-2.4896265560165998,0.0317460317460317,0.9705708753311676,False,0.0
NFLX,7,252,0.14853648604112146,52.47933884297521,0.0,0.1132756132756133,0.004952731177745,True,0.0
NFLX,8,252,-0.18096153281095684,47.73662551440329,-4.5267489711934115,0.1087962962962962,0.0075726115499439,True,0.0039682539682539
NFLX,9,252,-0.11029291856710821,52.244897959183675,-1.6326530612244872,0.0845543345543345,0.0670109619930823,False,0.0
NFLX,10,252,0.012866265846479763,50.0,-4.6610169491525415,0.0941043083900227,0.0292854441033956,True,0.0
NFLX,11,252,-0.012747744136338612,54.66101694915254,3.8135593220338992,0.1010582010582009,0.0150385119324715,True,0.0
NKE,0,252,-0.043053495223017935,49.35622317596567,-5.579399141630903,0.0476190476190476,0.7397257454273107,False,0.0039682539682539
NKE,1,252,-0.09765684221106308,51.32743362831859,-1.3274336283185861,0.0563492063492063,0.5057157955571042,False,0.0
NKE,2,252,-0.06916620068812485,45.02164502164502,-8.65800865800866,0.0839947089947089,0.0911120868707864,False,0.0
NKE,3,252,-0.08633521159855295,44.49339207048458,-8.370044052863435,0.0459183673469386,0.7279886195113365,False,0.0
NKE,4,252,0.059959366146285276,54.310344827586206,1.7241379310344862,0.052579365079365,0.5518024088897642,False,0.0
NKE,5,252,-0.13291648241361398,51.76991150442478,-3.0973451327433565,0.0537918871252204,0.5140682354403718,False,0.0079365079365079
NKE,6,252,-0.5314557875597625,44.76987447698745,-8.786610878661083,0.1305555555555556,0.000741110446497,True,0.0039682539682539
NKE,7,252,-0.007154963007355963,49.583333333333336,-0.4166666666666652,0.0753968253968253,0.138640586111261,False,0.0039682539682539
NKE,8,252,-0.017716744455762434,52.5,2.500000000000002,0.1448412698412698,0.0001028724743402,True,0.0039682539682539
NKE,9,252,-0.014769724585142363,49.583333333333336,-2.9166666666666674,0.0766178266178265,0.1225968035163879,False,0.0
NKE,10,252,-0.08994335711649515,46.98275862068966,-5.603448275862066,0.0683106575963718,0.213825330253647,False,0.0039682539682539
NKE,11,252,-0.09857410279065393,51.24999999999999,-1.6666666666666718,0.1208994708994709,0.0018389603051052,True,0.0
NVDA,0,252,-0.027820910489608774,50.0,-2.1186440677966156,0.119047619047619,0.0062370310129798,True,0.0
NVDA,1,252,-0.015574702779946659,54.43037974683544,1.6877637130801704,0.0603174603174603,0.4187789639519748,False,0.0
NVDA,2,252,-0.035980197111822765,44.214876033057855,-16.11570247933884,0.1111111111111111,0.009092659217788,True,0.0079365079365079
NVDA,3,252,-0.05499652985617054,53.333333333333336,-4.583333333333339,0.0833333333333333,0.0896256615432425,False,0.0
NVDA,4,252,-0.008025126069446609,48.559670781893004,-2.4691358024691357,0.081845238095238,0.0952412106522857,False,0.0119047619047619
NVDA,5,252,-0.011007644328384636,53.90946502057613,-0.8230452674897082,0.0582010582010582,0.4135787803111369,False,0.0
NVDA,6,252,-0.3259246695430369,46.12244897959184,-10.204081632653061,0.1388888888888888,0.0002619325209318,True,0.0
NVDA,7,252,-0.05178314714676757,50.403225806451616,-4.0322580645161255,0.0836940836940837,0.074940480015164,False,0.0
NVDA,8,252,-0.04131091196695169,50.403225806451616,-0.8064516129032251,0.1590608465608465,1.3428538431977592e-05,True,0.0
NVDA,9,252,0.004225361161096397,58.0246913580247,0.8230452674897193,0.0827228327228327,0.0774433008731252,False,0.0
NVDA,10,252,0.004585149477965289,53.086419753086425,-0.8230452674897082,0.116780045351474,0.0030223152352386,True,0.0
NVDA,11,252,0.022461520159089532,49.382716049382715,-4.526748971193417,0.0415343915343915,0.79587503627923,False,0.0
ORCL,0,252,-0.025572277035139868,51.724137931034484,-0.8620689655172376,0.0744047619047618,0.2081436035891285,False,0.0039682539682539
ORCL,1,252,-0.024293375826020425,54.97835497835498,4.761904761904767,0.0642857142857142,0.3411181906367406,False,0.0
ORCL,2,252,-0.046532359300127,52.293577981651374,-1.3761467889908285,0.1369047619047618,0.0005585368987409,True,0.0
ORCL,3,252,-0.15353527382703924,46.92982456140351,-9.649122807017541,0.1077097505668934,0.0112949887587622,True,0.0
ORCL,4,252,-0.05580932879179934,48.51063829787234,-8.510638297872347,0.056547619047619,0.4581467206253547,False,0.0
ORCL,5,252,0.03322469857485,47.43589743589743,-6.8376068376068355,0.0551146384479718,0.4827722167939065,False,0.0039682539682539
ORCL,6,252,-0.20484976766488905,47.23404255319149,-7.234042553191489,0.067063492063492,0.2451810657004351,False,0.0
ORCL,7,252,-0.056470589326785836,41.42259414225941,-10.878661087866103,0.0501443001443002,0.5920190011153952,False,0.0
ORCL,8,252,-0.008544672626593197,55.74468085106383,5.53191489361703,0.117063492063492,0.0031499361838505,True,0.0
ORCL,9,252,-0.012278061043992983,58.77192982456141,-0.43859649122806044,0.0827228327228327,0.0774433008731252,False,0.0079365079365079
ORCL,10,252,-0.021794592277021296,50.409836065573764,-3.2786885245901676,0.0790816326530612,0.1007078501080851,False,0.0039682539682539
ORCL,11,252,-0.07002069805830313,44.534412955465584,-5.668016194331981,0.1841269841269841,1.793215619179352e-07,True,0.0039682539682539
PFE,0,252,-0.0134778774104225,55.21739130434783,4.34782608695653,0.0654761904761904,0.3443620501115926,False,0.0
PFE,1,252,-0.06703090494498376,51.06382978723404,-3.8297872340425587,0.0833333333333332,0.1042139631523471,False,0.0
PFE,2,252,-0.08009263725849713,50.678733031674206,-3.167420814479638,0.0634920634920634,0.3386045504829107,False,0.0039682539682539
PFE,3,252,-0.1004847502715569,49.06542056074766,-6.0747663551401825,0.1065759637188208,0.0125842908686458,True,0.0039682539682539
PFE,4,252,-0.012282054768260497,48.917748917748916,-5.627705627705626,0.09375,0.0370347180696738,True,0.0
PFE,5,252,-0.06421348494695578,50.83333333333333,-0.4166666666666652,0.0886243386243386,0.0539915112759567,False,0.0238095238095238
PFE,6,252,-0.2697370103773593,53.246753246753244,-1.1102230246251565e-14,0.1091269841269841,0.0079811973672671,True,0.0
PFE,7,252,-0.07344604252613629,47.45762711864407,-5.084745762711868,0.1006493506493506,0.0174542332703986,True,0.0039682539682539
PFE,8,252,-0.052638603304183906,46.86192468619247,-6.694560669456074,0.1319444444444444,0.0005518453928345,True,0.0
PFE,9,252,-0.04151645765814549,51.293103448275865,-3.4482758620689613,0.0955433455433455,0.0263145659212699,True,0.0
PFE,10,252,-0.048037364277471406,51.037344398340245,-0.4149377593360981,0.0782312925170067,0.1073095834494028,False,0.0
PFE,11,252,-0.040573333534519085,48.03493449781659,-5.2401746724890845,0.0822751322751323,0.0777036210003467,False,0.0
PG,0,252,-0.06472212893088347,50.22222222222222,0.0,0.0595238095238094,0.4624305469379891,False,0.0
PG,1,252,-0.11029549364551539,49.34497816593886,-2.6200873362445423,0.065079365079365,0.326799254938441,False,0.0
PG,2,252,-0.011879733877985021,54.75113122171946,0.4524886877828149,0.0423280423280423,0.8226008110568478,False,0.0
PG,3,252,-0.05697350398999901,46.54377880184332,-3.686635944700456,0.0878684807256234,0.0634582320949908,False,0.0
PG,4,252,-0.0006767248648378299,49.34497816593886,-5.676855895196503,0.0793650793650794,0.1140951663200815,False,0.0079365079365079
PG,5,252,0.0031175758494307315,53.09734513274337,-3.539823008849552,0.0983245149911816,0.0235465143983714,True,0.0158730158730158
PG,6,252,-0.3405816834485893,46.058091286307054,-7.053941908713695,0.1035714285714286,0.0137842295322255,True,0.0
PG,7,252,-0.060472267314689354,56.22119815668203,-0.4608294930875556,0.0595238095238095,0.3741837803303819,False,0.0
PG,8,252,-0.016070900806069544,52.40174672489083,1.7467248908296984,0.1121031746031746,0.0053731904384628,True,0.0
PG,9,252,-0.025839785148842553,49.321266968325794,-4.977375565610853,0.0409035409035408,0.8153742225651132,False,0.0
PG,10,252,-0.025764512789506533,48.1651376146789,-7.798165137614676,0.0470521541950113,0.6597129867652023,False,0.0
PG,11,252,-0.009110727990077727,52.1551724137931,1.2931034482758674,0.0984126984126984,0.0193426010844178,True,0.0
TSLA,0,252,-0.09784938811784394,52.30125523012552,1.2552301255230103,0.1051587301587302,0.0221117896115213,True,0.0
TSLA,1,252,-0.10791301153400479,48.96265560165975,-1.659751037344398,0.0936507936507935,0.0481144954356169,True,0.0
TSLA,2,252,-0.09885894963980535,52.10084033613446,-3.7815126050420145,0.0859788359788359,0.0786674421007293,False,0.0
TSLA,3,252,0.048085170425741564,56.611570247933884,2.4793388429752095,0.0844671201814058,0.0823555613379812,False,0.0
TSLA,4,252,-0.018423932796952425,48.8,-1.200000000000001,0.0491071428571428,0.6384597330103666,False,0.0
TSLA,5,252,-0.05503626019744701,51.012145748987855,-6.882591093117407,0.1313932980599648,0.0007261604530197,True,0.0039682539682539
TSLA,6,252,0.012109110501361764,60.08064516129033,6.451612903225811,0.080952380952381,0.0949177389604302,False,0.0
TSLA,7,252,-0.0007323164840939977,55.64516129032258,1.2096774193548376,0.0847763347763347,0.0688344206877399,False,0.0
TSLA,8,252,-0.07257220840148237,46.12244897959184,-4.897959183673473,0.0790343915343915,0.1045033504962309,False,0.0
TSLA,9,252,-0.004658858834714952,53.036437246963565,1.619433198380571,0.0839438339438339,0.070346896069824,False,0.0
TSLA,10,252,-0.03037531416057626,45.90163934426229,-4.508196721311469,0.1014739229024944,0.0147720877014923,True,0.0
UNH,0,252,-0.05899907313829367,50.847457627118644,-5.932203389830515,0.0744047619047619,0.2081436035891285,False,0.0
UNH,1,252,-0.027921282308500883,47.63948497854077,-3.862660944206003,0.0873015873015873,0.078248405480718,False,0.0
UNH,2,252,-0.04019425289723699,50.85470085470085,-1.2820512820512886,0.1223544973544973,0.0028957413233405,True,0.0
UNH,3,252,-0.04215609596100589,52.36051502145923,-2.5751072961373356,0.0912698412698412,0.0483956660495658,True,0.0
UNH,4,252,0.01005932800994902,55.603448275862064,0.8620689655172376,0.0456349206349206,0.7256812375740342,False,0.0
UNH,5,252,-0.0010940993766233031,49.7907949790795,-1.2552301255230103,0.0873015873015873,0.0600578441259955,False,0.0277777777777777
UNH,6,252,-0.39838897180324073,48.13278008298755,-5.394190871369292,0.0690476190476191,0.2165098159776353,False,0.0039682539682539
UNH,7,252,-0.05365648151009328,49.14529914529914,-5.982905982905989,0.044011544011544,0.7479923835509462,False,0.0
UNH,8,252,-0.010214448453525593,53.879310344827594,0.8620689655172487,0.0658068783068782,0.2565087048795877,False,0.0
UNH,9,252,-0.014587359822006762,52.742616033755276,2.1097046413502074,0.0699023199023198,0.1950272140536344,False,0.0
UNH,10,252,-0.020375184760865084,55.08474576271186,1.2711864406779627,0.0532879818594105,0.5018410872175719,False,0.0
UNH,11,252,-0.09830915974616872,48.760330578512395,-3.305785123966948,0.1283068783068782,0.0007616426322048,True,0.0119047619047619
WMT,0,252,-0.049475517907033195,47.19626168224299,-6.542056074766355,0.0406746031746032,0.8846479539284156,False,0.0039682539682539
WMT,1,252,-0.08991410009334433,50.84033613445378,-1.2605042016806678,0.0952380952380951,0.0423794342891268,True,0.0039682539682539
WMT,2,252,-0.06890163866119381,50.649350649350644,0.43290043290042934,0.0462962962962962,0.7308983177897496,False,0.0039682539682539
WMT,3,252,-0.013005124560413694,52.19298245614035,-7.4561403508771935,0.0901360544217687,0.0530311320510476,False,0.0079365079365079
WMT,4,252,-0.017849064610246046,52.36051502145923,0.42918454935623185,0.0734126984126983,0.1720233018374084,False,0.0
WMT,5,252,-0.0005234911281428722,48.0,-8.000000000000007,0.0405643738977072,0.8377107270986168,False,0.0039682539682539
WMT,6,252,-0.008742222343373962,51.58371040723983,1.3574660633484226,0.096031746031746,0.0276417290142365,True,0.0
WMT,7,252,-0.07013339614824465,46.666666666666664,-5.333333333333334,0.0328282828282828,0.9589042948442472,False,0.0
WMT,8,252,-0.06015058252264205,47.65957446808511,-6.8085106382978715,0.0932539682539682,0.0330866880043644,True,0.0039682539682539
WMT,9,252,-0.021387401041133014,51.33928571428571,-7.589285714285721,0.072039072039072,0.1690396067022568,False,0.0
WMT,10,252,-0.012903834786003765,45.92274678111588,-11.587982832618021,0.1023242630385488,0.013605165700739,True,0.0
WMT,11,252,-0.010699983839436822,52.78969957081545,-0.8583690987124415,0.0822751322751323,0.0777036210003467,False,0.0
XOM,0,252,-0.005185968732080104,51.293103448275865,-1.724137931034475,0.0575396825396825,0.5060886982933912,False,0.0
XOM,1,252,0.04925197513269508,53.246753246753244,1.2987012987012991,0.0888888888888888,0.0695133836318311,False,0.0039682539682539
XOM,2,252,0.022969360324607058,56.25,4.46428571428571,0.0595238095238095,0.4170884423013971,False,0.0
XOM,3,252,-0.13175371175687722,48.89867841409692,-3.964757709251099,0.1139455782312923,0.0061063238322563,True,0.0
XOM,4,252,-0.01515906730477945,52.320675105485236,-0.8438818565400741,0.0868055555555555,0.0652637901668163,False,0.0
XOM,5,252,-0.21992313861488344,47.67932489451477,-8.438818565400846,0.1459435626102292,0.0001140805856587,True,0.0198412698412698
XOM,6,252,-0.6489640087371449,52.244897959183675,1.6326530612244872,0.2123015873015873,1.6086832749656671e-09,True,0.0238095238095238
XOM,7,252,-0.008423991772629646,52.892561983471076,0.0,0.1204906204906205,0.0022547462289129,True,0.0
XOM,8,252,-0.05003477049238847,47.950819672131146,-6.967213114754106,0.1752645502645502,1.0413672241422717e-06,True,0.0
XOM,9,252,-0.01283333980543433,45.2991452991453,-7.6923076923076925,0.0589133089133089,0.3785947391463719,False,0.0
XOM,10,252,-0.07000758635470583,48.0,-4.444444444444451,0.0351473922902494,0.9248441084364758,False,0.0
XOM,11,252,0.058784016597512534,53.38983050847458,-2.9661016949152574,0.1055555555555556,0.0096539465283097,True,0.0
