ticker,regime,fold_id,n_train,n_test,train_mean_bps,test_mean_bps,train_std_bps,test_std_bps,ks_stat,ks_p,ks_reject_5pct,test_outside_train_range
MSFT,full,0,1008,252,4.017153511842194,3.911649510976976,144.72475120232,133.68869579681228,0.0625,0.4007965392025766,False,0.0
MSFT,full,1,1260,252,3.996052711669149,11.0536049121777,142.58589743100237,176.2171206251673,0.049206349206349254,0.6771248461562692,False,0.007936507936507936
MSFT,full,2,1512,252,5.172311411753909,7.825932911078838,148.74344347921814,117.46769933485149,0.123015873015873,0.0026979135916305806,True,0.0
MSFT,full,3,1764,252,5.551400197371756,15.069682447134415,144.69295964917535,115.62094279281682,0.12528344671201813,0.001825549690096636,True,0.0
MSFT,full,4,2016,252,6.741185478592088,9.997247601295504,141.4212870298474,173.13127513102785,0.08333333333333337,0.08523062585186297,False,0.0
MSFT,full,5,2268,252,7.102970158892468,8.228170726687342,145.29040106592512,224.6502401657622,0.08245149911816585,0.08753341613140406,False,0.007936507936507936
MSFT,full,6,2520,252,7.215490215671953,19.400643590494585,155.065333215486,206.68756797652188,0.10833333333333328,0.008644345606436005,True,0.0
MSFT,full,7,2772,252,8.323231431564922,10.862184223401904,160.4842972705087,148.2654872615273,0.058802308802308745,0.3890705012637056,False,0.0
MSFT,full,8,3024,252,8.53481083088467,-3.2986974936336764,159.5033620801794,219.15868354827828,0.1421957671957672,0.0001470801846978233,True,0.0
MSFT,full,9,3276,252,7.624540959767875,18.1812646312894,164.89056020616852,139.61557193754638,0.06562881562881573,0.2561429733525121,False,0.0
MSFT,full,10,3528,252,8.37859265059084,-2.9929616349153796,163.23769938632088,134.9705680061662,0.06462585034013602,0.26953427571490485,False,0.0
MSFT,full,11,3780,252,7.620489031557093,-2.7425729460138695,161.53212202148558,165.60539647728677,0.07460317460317456,0.13792930385072222,False,0.0
NVDA,full,0,1008,252,0.5874793545829629,9.654131241426473,251.77327149770449,163.20897814683053,0.11904761904761904,0.006237031012979846,True,0.0
NVDA,full,1,1260,252,2.4008097319516644,14.97838860535981,236.7539038121693,229.6200183110043,0.060317460317460325,0.41877896395197484,False,0.0
NVDA,full,2,1512,252,4.497072877519688,46.835446186472396,235.62655383605062,275.50795825170434,0.1111111111111111,0.009092659217788054,True,0.007936507936507936
NVDA,full,3,1764,252,10.545411921655788,32.696273036904955,242.18066848474948,255.67070553530095,0.08333333333333337,0.08962566154324259,False,0.0
NVDA,full,4,2016,252,13.314269561061934,-12.708343001653589,244.01771735114033,332.41466303391365,0.08184523809523803,0.09524121065228577,False,0.011904761904761904
NVDA,full,5,2268,252,10.422868165204655,8.066094180769712,255.4861626599461,315.2105417141092,0.0582010582010582,0.4135787803111369,False,0.0
NVDA,full,6,2520,252,10.187190766761162,35.00543242930494,262.0727567583656,310.40644934316333,0.13888888888888884,0.00026193252093189624,True,0.0
NVDA,full,7,2772,252,12.443394554265138,28.692651776523576,266.9241315858576,306.3582970675597,0.08369408369408371,0.07494048001516408,False,0.0
NVDA,full,8,3024,252,13.797499322786678,-0.3457999165847951,270.4673198985457,388.46239961751616,0.15906084656084654,1.3428538431977593e-05,True,0.0
NVDA,full,9,3276,252,12.709553227450412,49.61221061317211,281.3317963489453,284.469568505886,0.08272283272283276,0.07744330087312522,False,0.0
NVDA,full,10,3528,252,15.34545732643053,11.028791286752483,281.7174375837053,355.857106247223,0.11678004535147402,0.0030223152352386803,True,0.0
NVDA,full,11,3780,252,15.057679590451995,13.89192584115414,287.25803456987006,257.59074254228227,0.041534391534391535,0.79587503627923,False,0.0
AVGO,full,0,1008,252,12.3422189441209,28.934245584625984,229.3033280296457,217.41039475711491,0.07738095238095238,0.17332784555843772,False,0.007936507936507936
AVGO,full,1,1260,252,15.660624272221913,6.441873916297053,227.07161029453292,256.25683439011044,0.09047619047619043,0.06162155332528994,False,0.0
AVGO,full,2,1512,252,14.124165879567771,15.652704787402719,232.2161232243835,150.28850268239444,0.09986772486772486,0.025558769827154777,True,0.0
AVGO,full,3,1764,252,14.34252858068705,4.643394796176077,222.36861417989098,171.86258720062241,0.0697278911564625,0.22603308985399856,False,0.0
AVGO,full,4,2016,252,13.13013685762318,9.011725084630656,216.72380664452183,225.1459508523003,0.030753968253968228,0.9806787532144065,False,0.003968253968253968
AVGO,full,5,2268,252,12.6725355495129,-14.859979476550137,217.6795409265751,297.16904314212115,0.034832451499118164,0.9389233132688062,False,0.011904761904761904
AVGO,full,6,2520,252,9.919284046906597,37.478310832201025,227.03548588036597,237.1398467429348,0.08888888888888896,0.05090387619087132,False,0.0
AVGO,full,7,2772,252,12.424650118296999,10.850381291417335,228.11019663735996,178.44239507813717,0.04653679653679654,0.6843039541967885,False,0.0
AVGO,full,8,3024,252,12.293461049390359,3.2171766295356417,224.3919264861493,219.17531845704437,0.10052910052910052,0.017068090298233755,True,0.0
AVGO,full,9,3276,252,11.595285324786152,30.538999619797615,224.00801880979282,217.58365760767558,0.04212454212454213,0.7868332974529556,False,0.0
AVGO,full,10,3528,252,12.948407774429826,13.737407857252808,223.60848782578563,359.9520304594241,0.10260770975056699,0.013235022736469626,True,0.003968253968253968
AVGO,full,11,3780,252,13.00100777995136,20.037519144987687,235.17038175754863,299.84035290261755,0.07037037037037053,0.18476294118871447,False,0.0
CRM,full,0,1008,252,11.256763359406259,5.531935321644405,249.11370197085336,219.09082670184625,0.04365079365079372,0.8275729370611609,False,0.0
CRM,full,1,1260,252,10.11179775185389,2.343369890878837,243.41633277503817,226.5372389904439,0.07777777777777772,0.15218111479734156,False,0.003968253968253968
CRM,full,2,1512,252,8.817059775024711,5.261335456964251,240.7027788063228,150.49854395820418,0.1388888888888889,0.0004398590500692014,True,0.0
CRM,full,3,1764,252,8.309099158158933,16.228243038360866,229.9961537229826,112.5598909638398,0.17630385487528344,1.8991972374810114e-06,True,0.0
CRM,full,4,2016,252,9.298992143184174,10.663508583178698,218.80705481090337,216.72578539330803,0.07688492063492064,0.13591849512544857,False,0.0
CRM,full,5,2268,252,9.450605080961344,-6.31334388201929,218.57720196287843,228.6723621399817,0.044973544973545,0.7347623682337464,False,0.003968253968253968
CRM,full,6,2520,252,7.87421018466328,16.656794029913552,219.65851680419405,286.57494155743746,0.08849206349206351,0.05258744937675107,False,0.003968253968253968
CRM,full,7,2772,252,8.672626897867852,1.2154311652353882,226.57408156196036,210.08210637481412,0.040764790764790726,0.8247485295574951,False,0.0
CRM,full,8,3024,252,8.05119392014848,-5.877204458796047,225.25530438294317,288.5535432131466,0.1412037037037037,0.0001678910107589066,True,0.0
CRM,full,9,3276,252,6.97977866022967,19.54834342554254,230.77155709214367,161.91811886982185,0.0753968253968254,0.1338236907083808,False,0.0
CRM,full,10,3528,252,7.877533286323444,-2.46129114484762,226.5716242583541,236.09902809585813,0.0663265306122448,0.24262712147882018,False,0.003968253968253968
CRM,full,11,3780,252,7.188278324245375,-17.252371115113107,227.23384858471962,222.34594222763124,0.061375661375661375,0.32416498188958504,False,0.0
ORCL,full,0,1008,252,4.660161745571016,5.530728329583259,167.968726806431,128.64914257914543,0.07440476190476186,0.20814360358912853,False,0.003968253968253968
ORCL,full,1,1260,252,4.8342750623734645,-2.691329200041531,160.87584090545403,143.57361069134294,0.06428571428571428,0.3411181906367406,False,0.0
ORCL,full,2,1512,252,3.5800076853042992,5.253018440297882,158.14853683680283,107.36069688007927,0.13690476190476186,0.0005585368987409469,True,0.0
ORCL,full,3,1764,252,3.8190092217319522,5.751845938950575,151.937241070662,121.09285862830862,0.10770975056689347,0.011294988758762265,True,0.0
ORCL,full,4,2016,252,4.060613811384282,1.1591537973086883,148.43400295058754,154.10263178270367,0.05654761904761907,0.4581467206253547,False,0.0
ORCL,full,5,2268,252,3.7382293653758802,-5.470631961312063,149.07728423072294,227.37474026307214,0.05511463844797182,0.48277221679390653,False,0.003968253968253968
ORCL,full,6,2520,252,2.8173432327070866,15.959831625711523,158.6795277867974,178.4409577526547,0.06706349206349205,0.24518106570043513,False,0.0
ORCL,full,7,2772,252,4.012114904798399,8.904871344701641,160.62098909556744,180.5467480383994,0.05014430014430027,0.5920190011153952,False,0.0
ORCL,full,8,3024,252,4.41984460812367,3.4516051464226285,162.38051912332136,182.58998072413598,0.11706349206349209,0.0031499361838505865,True,0.0
ORCL,full,9,3276,252,4.345364649531283,15.973775797163666,164.02372303166126,205.7228805462424,0.0827228327228327,0.07744330087312522,False,0.007936507936507936
ORCL,full,10,3528,252,5.175965445790737,7.434543103687047,167.37396692984845,237.3731518502357,0.0790816326530612,0.10070785010808513,False,0.003968253968253968
ORCL,full,11,3780,252,5.326537289650491,-2.5754227708691775,172.925302100035,369.0374397486821,0.1841269841269841,1.7932156191793518e-07,True,0.003968253968253968
GOOGL,full,0,1008,252,7.561871747465271,-2.714004128556538,160.4572045603542,136.19104928657268,0.05952380952380951,0.46243054693798913,False,0.0
GOOGL,full,1,1260,252,5.50669657226091,11.604752182011172,155.96059424552513,182.63036711595416,0.04841269841269841,0.6964515544542726,False,0.003968253968253968
GOOGL,full,2,1512,252,6.5230391738859534,5.551470822385888,160.7292621918979,103.73288722068054,0.11044973544973546,0.009692223421033026,True,0.0
GOOGL,full,3,1764,252,6.3842436951002295,9.203000585448596,153.88525193208864,123.7116954943843,0.0839002267573696,0.08592606322290364,False,0.0
GOOGL,full,4,2016,252,6.736588306393775,4.314826827876188,150.4477613468035,170.94210457157388,0.07043650793650791,0.2086552524689388,False,0.0
GOOGL,full,5,2268,252,6.467503697669598,-3.8985798525210753,152.86255538133153,203.2382264149045,0.03747795414462081,0.898121498527275,False,0.003968253968253968
GOOGL,full,6,2520,252,5.430895342650531,23.836260179359655,158.65217752524683,210.5821061513586,0.12896825396825407,0.0008968507963078797,True,0.0
GOOGL,full,7,2772,252,7.104110327805906,11.707031264134207,164.13905387829683,157.65631280070775,0.051587301587301626,0.5557148093676451,False,0.0
GOOGL,full,8,3024,252,7.487687072499932,-10.33250719843306,163.61358270895448,248.37581227270985,0.17294973544973544,1.5239283641063565e-06,True,0.0
GOOGL,full,9,3276,252,6.116902897812777,13.543964376960247,171.69215052350222,173.6298927838061,0.09645909645909656,0.024217459725412158,True,0.0
GOOGL,full,10,3528,252,6.647407289180455,5.926613710687945,171.8419311023123,180.7282197195546,0.07681405895691618,0.11910528530469676,False,0.0
GOOGL,full,11,3780,252,6.599354383947619,19.93826569613752,172.4486907845853,191.8372811125426,0.07169312169312181,0.16894789521803727,False,0.0
META,full,0,1008,252,16.57659819620061,12.64906503391485,244.6019300745806,110.03000070292538,0.18353174603174605,2.188240491552414e-06,True,0.0
META,full,1,1260,252,15.791091563743462,1.6234932755035067,224.2495744713548,212.92759134194867,0.07301587301587303,0.20611932899770732,False,0.003968253968253968
META,full,2,1512,252,13.429825182370136,1.1880123805576939,222.46527248663497,207.97592843523324,0.05423280423280419,0.536262097586626,False,0.0
META,full,3,1764,252,11.680994782111215,12.629303354580678,220.49529464046756,260.7290894938314,0.07426303854875282,0.16918056980212767,False,0.0
META,full,4,2016,252,11.799533353669897,14.377737401457562,225.91692878589072,213.16936926387572,0.07192460317460314,0.18965131806580113,False,0.0
META,full,5,2268,252,12.086000470090749,-29.521966032335932,224.53773705454532,348.73721844590324,0.1296296296296296,0.0008967538793772638,True,0.003968253968253968
META,full,6,2520,252,7.925203819848081,24.53836324845728,240.19377726585492,342.4573775469849,0.0988095238095239,0.021522702534592014,True,0.0
META,full,7,2772,252,9.435491040630737,17.33091400777636,251.26199080072283,228.009306145942,0.045454545454545525,0.711847298514342,False,0.0
META,full,8,3024,252,10.093442954559537,17.945703568141795,249.41662849151606,227.6613343335037,0.030423280423280463,0.9787900817908101,False,0.0
META,full,9,3276,252,10.697463001758173,-10.980037390091862,247.81979387036122,242.23075023663984,0.08089133089133083,0.08921615558818478,False,0.0
NFLX,full,0,1008,252,17.692408520069677,0.2700808180013467,401.60575646858615,272.9868185987968,0.10119047619047616,0.030839326399087895,True,0.0
NFLX,full,1,1260,252,14.207942979656012,19.865899875372563,379.45048890350904,321.18427720915463,0.04999999999999993,0.6577291931770358,False,0.0
NFLX,full,2,1512,252,15.150935795608769,14.885943750958456,370.3825465280133,237.9034630519344,0.12764550264550262,0.001626411181188318,True,0.0
NFLX,full,3,1764,252,15.113079789230158,30.56521806090129,354.5011590867212,208.3199533015753,0.11791383219954654,0.004054487557247245,True,0.0
NFLX,full,4,2016,252,17.044597073189042,7.134006150004426,339.7248202599777,285.03045129954046,0.041666666666666685,0.8195150922581044,False,0.0
NFLX,full,5,2268,252,15.94342030394631,-4.852666821834577,334.1046563700538,246.91966927786612,0.059964726631393295,0.3767565882776779,False,0.0
NFLX,full,6,2520,252,13.863811591368224,17.200428449780617,326.4953055199148,277.34795237753394,0.031746031746031744,0.9705708753311676,False,0.0
NFLX,full,7,2772,252,14.167140396678436,-11.782821651411368,322.338592853919,261.94808000962456,0.11327561327561331,0.0049527311777450185,True,0.0
NFLX,full,8,3024,252,12.004643559337621,-8.68453903281813,317.8256772343473,429.5047057387208,0.10879629629629628,0.007572611549943945,True,0.003968253968253968
NFLX,full,9,3276,252,10.41316797532564,28.221520319817948,327.81647556952754,225.77975361453989,0.08455433455433459,0.06701096199308236,False,0.0
NFLX,full,10,3528,252,11.68519314278938,18.68851674043601,321.6362545524992,197.00130515106957,0.0941043083900227,0.029285444103395637,True,0.0
NFLX,full,11,3780,252,12.152081382632486,-2.6353969983582597,314.87072631997745,214.79118966892491,0.10105820105820096,0.015038511932471589,True,0.0
DIS,full,0,1008,252,9.351769763695497,11.42404778869981,147.02470214756337,111.45362613059251,0.0813492063492064,0.1342452049798466,False,0.003968253968253968
DIS,full,1,1260,252,9.76622536869636,-2.718352838254608,140.63456076864404,146.52438476554804,0.050793650793650724,0.6383174807973754,False,0.003968253968253968
DIS,full,2,1512,252,7.685462334204532,5.162962126115539,141.70960975885436,82.56107462178221,0.12499999999999999,0.0021768635274287134,True,0.0
DIS,full,3,1764,252,7.325105161620391,-3.2169779755101815,134.8604919574305,113.21710726403205,0.08730158730158721,0.06632334362552655,False,0.0
DIS,full,4,2016,252,6.007344769479068,3.8198597172451163,132.3946859731811,121.58135541542428,0.03571428571428581,0.9299731237200551,False,0.0
DIS,full,5,2268,252,5.764290874786408,-5.361207746535619,131.23901113373344,220.56230743471846,0.07936507936507936,0.11000297309039636,False,0.015873015873015872
DIS,full,6,2520,252,4.651741012654205,27.7724720429247,142.7488118685353,266.8989809519181,0.1432539682539682,0.00014801552603259228,True,0.011904761904761904
DIS,full,7,2772,252,6.753625651769704,-12.270759572411452,158.25562463821097,156.2009800780099,0.09271284271284269,0.035696136659060906,True,0.0
DIS,full,8,3024,252,5.168260216421275,-14.834351671104836,158.17284396972707,229.3309155300769,0.17294973544973546,1.5239283641063565e-06,True,0.003968253968253968
DIS,full,9,3276,252,3.62959776353465,7.654883382544059,164.82759731259875,171.9971082077318,0.06043956043956045,0.34788464721439927,False,0.0
DIS,full,10,3528,252,3.917118164892467,-5.136523139914241,165.3532646164341,150.29258183428712,0.039399092970521465,0.8462919571759173,False,0.0
DIS,full,11,3780,252,3.313542077905353,-2.337370320169306,164.40766277443294,194.11012047231048,0.09100529100529098,0.03776869572395804,True,0.0
AMZN,full,0,1008,252,10.473406672367627,-0.3821366547413723,207.16350842015615,208.67065205368596,0.04265873015873012,0.8476373913247838,False,0.0
AMZN,full,1,1260,252,8.30229800694583,15.858611101366337,207.5112489331816,223.10048919842916,0.05793650793650795,0.4699382879337553,False,0.0
AMZN,full,2,1512,252,9.561683522682578,16.70690696821183,210.20862732292895,136.0907315521019,0.12367724867724866,0.0025126349035889564,True,0.0
AMZN,full,3,1764,252,10.582429729186758,23.60252035751259,201.3137033085734,144.02424189670788,0.11224489795918369,0.007246439749947781,True,0.0
AMZN,full,4,2016,252,12.209941057727486,6.003583229909177,195.12232209808204,231.56045224014315,0.06101190476190475,0.36359391587861395,False,0.0
AMZN,full,5,2268,252,11.52034574352545,1.8054552750007873,199.50946696876636,173.50012311504156,0.08906525573192248,0.052090201008588195,False,0.0
AMZN,full,6,2520,252,10.548856696672987,19.504982241269342,197.0846215714255,217.32191459919108,0.07896825396825395,0.10990938446600926,False,0.0
AMZN,full,7,2772,252,11.363049927999924,1.8906417770762136,199.02608676264055,195.66486716351278,0.04689754689754688,0.6750740865905533,False,0.0
AMZN,full,8,3024,252,10.573682582089615,-18.718548255137385,198.76539874962364,303.1212310834562,0.17394179894179893,1.2953016950308576e-06,True,0.003968253968253968
AMZN,full,9,3276,252,8.320434056149079,22.67357918336636,208.7999995811558,187.37076961713996,0.06440781440781451,0.275964308686446,False,0.0
AMZN,full,10,3528,252,9.34565870809317,5.707999397246683,207.3757494793868,177.47974258059028,0.0300453514739229,0.9801362690178458,False,0.0
AMZN,full,11,3780,252,9.103148087370071,0.3514530645025515,205.52002822606534,218.73040596330864,0.05582010582010577,0.43949939794520054,False,0.0
TSLA,full,0,1008,252,25.783348967730912,-4.894768328304569,359.1405659720364,252.9373000296499,0.10515873015873023,0.022111789611521302,True,0.0
TSLA,full,1,1260,252,19.647725508523823,-9.725569202226348,340.7808620676376,262.41895627514094,0.09365079365079354,0.048114495435616925,True,0.0
TSLA,full,2,1512,252,14.752176390065463,24.842218589458284,329.2012252927487,217.82175025992743,0.08597883597883596,0.07866744210072937,False,0.0
TSLA,full,3,1764,252,16.193610989978723,-10.456915045577608,315.7246223502431,296.36966662758846,0.08446712018140584,0.08235556133798122,False,0.0
TSLA,full,4,2016,252,12.862295235534177,-5.078758388937712,313.4945590885707,353.08789845752773,0.04910714285714285,0.6384597330103666,False,0.0
TSLA,full,5,2268,252,10.868844832815078,80.37549463944956,318.18720720614834,544.1297025284138,0.1313932980599648,0.0007261604530197722,True,0.003968253968253968
TSLA,full,6,2520,252,17.81950981347853,27.375738688108367,348.0823292801724,358.8526230730199,0.080952380952381,0.09491773896043022,False,0.0
TSLA,full,7,2772,252,18.68825789299033,6.552188444496836,349.08598891342626,401.5567880177516,0.08477633477633476,0.06883442068773996,False,0.0
TSLA,full,8,3024,252,17.67691877228254,-2.248139352377883,353.7718389861018,385.5539196203322,0.07903439153439157,0.10450335049623093,False,0.0
TSLA,full,9,3276,252,16.14422199346251,-7.800215656620895,356.35682878895494,340.36750545242705,0.08394383394383392,0.07034689606982401,False,0.0
TSLA,full,10,3528,252,14.433905018456548,24.156590489590787,355.2921217415812,438.8730434467673,0.10147392290249446,0.014772087701492399,True,0.0
HD,full,0,1008,252,9.896990805091894,15.685429048690764,135.16028372404656,116.42793551652613,0.045634920634920584,0.7849207526662364,False,0.0
HD,full,1,1260,252,11.05467845381167,5.566583254848351,131.64761917174147,132.15081580931258,0.05238095238095247,0.5996406390041191,False,0.0
HD,full,2,1512,252,10.139995920651119,6.163785783902585,131.74749561889232,93.21268864707436,0.08796296296296291,0.06768939606646274,False,0.0
HD,full,3,1764,252,9.571965901115613,7.585231704067339,126.96825957483946,108.3026210862113,0.06462585034013602,0.3060070561372427,False,0.0
HD,full,4,2016,252,9.323624126484578,2.9225606002723734,124.78956488528179,131.0853841054063,0.04861111111111113,0.650989465165089,False,0.003968253968253968
HD,full,5,2268,252,8.612394845794332,-4.680607479082048,125.52081852584577,233.96760477527968,0.059523809523809534,0.3857660024347433,False,0.023809523809523808
HD,full,6,2520,252,7.2830946133066945,24.105512998760233,140.24947648907445,196.578109334337,0.12142857142857144,0.0021490245771590196,True,0.003968253968253968
HD,full,7,2772,252,8.812405375620653,7.333015852909065,146.34932576758914,142.1731738778311,0.04942279942279948,0.610376083353613,False,0.0
HD,full,8,3024,252,8.68912291539469,-5.442851520026718,146.00644799117126,190.7744639075053,0.14153439153439157,0.00016066266255157735,True,0.0
HD,full,9,3276,252,7.602047958823811,13.39971019900273,149.97277715154917,121.34636202248846,0.030525030525030528,0.9773931288607289,False,0.0
HD,full,10,3528,252,8.016166690265162,-2.6182602467812637,148.11915861131604,137.41482059562742,0.1062925170068027,0.00918270220511032,True,0.0
HD,full,11,3780,252,7.307204894462068,-2.7604661311867527,147.45358063276004,145.97859841359895,0.10952380952380952,0.006424909431319534,True,0.0
MCD,full,0,1008,252,5.087764307149521,1.225662735677772,91.82898690947225,90.96450209929343,0.07043650793650791,0.262595274179163,False,0.003968253968253968
MCD,full,1,1260,252,4.31534399285517,10.775974647826615,91.669760174543,117.95831726273114,0.10000000000000009,0.028590508511977485,True,0.003968253968253968
MCD,full,2,1512,252,5.392115768683744,2.9237357038529717,96.57956338986605,82.59791057902761,0.05753968253968256,0.46002743245715666,False,0.003968253968253968
MCD,full,3,1764,252,5.039490045136491,9.379527879738909,94.71258002528498,103.15937443750165,0.08333333333333337,0.08962566154324259,False,0.003968253968253968
MCD,full,4,2016,252,5.581994774461794,6.995105437195905,95.81991421216533,118.65603768502443,0.09027777777777773,0.0494321563141107,True,0.0
MCD,full,5,2268,252,5.73900707032114,-7.506274344094305,98.61973994541943,194.24527451683954,0.058641975308642014,0.4041788078215075,False,0.027777777777777776
MCD,full,6,2520,252,4.4144789288795945,16.74205554514401,111.9918739757551,189.97655828910865,0.107936507936508,0.008994331084490319,True,0.007936507936507936
MCD,full,7,2772,252,5.53516771217636,3.7112113678506096,121.22520171294266,97.89230719681781,0.044011544011544,0.7479923835509462,False,0.0
MCD,full,8,3024,252,5.383171350149214,5.77101255081609,119.4560582474135,119.83179980946957,0.1097883597883598,0.0068393101937230544,True,0.0
MCD,full,9,3276,252,5.413005288662051,2.7945345396578634,119.48504808927623,88.17712490075222,0.04090354090354087,0.8153742225651132,False,0.0
MCD,full,10,3528,252,5.225971663733181,4.0991022978028395,117.52761660940037,117.42341509282036,0.05697278911564618,0.4166828505516898,False,0.0
MCD,full,11,3780,252,5.150847039337824,1.1665861742073094,117.52100887739111,109.80916980223778,0.0714285714285714,0.17202221215267224,False,0.0
NKE,full,0,1008,252,8.66802393571611,8.506861420334035,154.1454013278792,133.4840367463917,0.04761904761904767,0.7397257454273107,False,0.003968253968253968
NKE,full,1,1260,252,8.635791432639694,10.691864622420406,150.24062556241498,155.9567054020553,0.05634920634920637,0.5057157955571042,False,0.0
NKE,full,2,1512,252,8.978470297603147,-3.0392832201213618,151.21025354944638,120.41495946315668,0.08399470899470896,0.09111208687078641,False,0.0
NKE,full,3,1764,252,7.261648366499644,5.612354838049048,147.2659407768582,149.44038093140205,0.04591836734693866,0.7279886195113365,False,0.0
NKE,full,4,2016,252,7.055486675443321,11.42341676514776,147.540506637658,172.188862219855,0.052579365079365004,0.5518024088897642,False,0.0
NKE,full,5,2268,252,7.540812240966038,-7.867529988768054,150.4849833810929,193.14827604743343,0.05379188712522044,0.5140682354403718,False,0.007936507936507936
NKE,full,6,2520,252,5.9999780179926265,26.94269045773074,155.34848047477246,226.14974995024744,0.13055555555555565,0.0007411104464970578,True,0.003968253968253968
NKE,full,7,2772,252,7.903860967059728,-1.5390446797585375,163.17139287821348,183.90184174025353,0.07539682539682535,0.13864058611126107,False,0.003968253968253968
NKE,full,8,3024,252,7.1169521631582064,-1.2932983335926553,165.0190805000297,254.71965985076693,0.14484126984126983,0.00010287247434027736,True,0.003968253968253968
NKE,full,9,3276,252,6.470009817254294,-8.185828320835785,173.5872557422493,172.05776379606363,0.07661782661782657,0.12259680351638796,False,0.0
NKE,full,10,3528,252,5.423164235962146,-15.755674555643177,173.5195099990329,223.54491085266358,0.06831065759637184,0.21382533025364706,False,0.003968253968253968
NKE,full,11,3780,252,4.011241649855123,-8.747129067091016,177.3729127016696,259.5479431337584,0.1208994708994709,0.0018389603051052284,True,0.0
PG,full,0,1008,252,3.5124511759981667,3.148047410230422,91.33193614269516,78.04286914933063,0.05952380952380942,0.46243054693798913,False,0.0
PG,full,1,1260,252,3.439570422844618,0.8643008760075865,88.8334237721777,102.52455186896172,0.06507936507936501,0.32679925493844103,False,0.0
PG,full,2,1512,252,3.010358831705113,5.023189003601484,91.26307788390933,83.75646029995843,0.042328042328042326,0.8226008110568478,False,0.0
PG,full,3,1764,252,3.29790599911888,-4.572284975726837,90.231696721537,77.69805190136526,0.08786848072562348,0.06345823209499082,False,0.0
PG,full,4,2016,252,2.3141321272631648,11.587709956135027,88.7999847548778,117.4081884594365,0.07936507936507942,0.11409516632008156,False,0.007936507936507936
PG,full,5,2268,252,3.344529663804483,4.426778313054239,92.46298047871021,176.3343314094319,0.09832451499118167,0.023546514398371424,True,0.015873015873015872
PG,full,6,2520,252,3.452754528729458,6.6904394983234985,103.94203932990415,146.35717307658538,0.10357142857142865,0.013784229532225564,True,0.0
PG,full,7,2772,252,3.7470895259652806,7.291213379223571,108.48939083092986,101.90100215180024,0.059523809523809534,0.37418378033038197,False,0.0
PG,full,8,3024,252,4.042433180403472,-0.629884400679944,107.96016065755714,130.07689759410422,0.11210317460317465,0.005373190438462801,True,0.0
PG,full,9,3276,252,3.6830241357047466,5.613993373980105,109.82675379417203,89.18950057843178,0.04090354090354087,0.8153742225651132,False,0.0
PG,full,10,3528,252,3.8209505098672722,1.2092041767267163,108.48407893741744,106.03564183739606,0.047052154195011325,0.6597129867652023,False,0.0
PG,full,11,3780,252,3.6468340876579024,-4.245092434414431,108.32453066948021,119.82925545388547,0.0984126984126984,0.019342601084417807,True,0.0
KO,full,0,1008,252,4.693031612015736,3.397379507408074,96.90183929935998,95.4271069854784,0.055555555555555525,0.5514488072404921,False,0.003968253968253968
KO,full,1,1260,252,4.433901191094203,6.036173708153943,96.6100839017489,86.8879031692995,0.039682539682539764,0.8868899876292,False,0.0
KO,full,2,1512,252,4.70094661060416,-2.0739208540174294,95.0606724434057,85.19524745699718,0.08399470899470896,0.09111208687078641,False,0.0
KO,full,3,1764,252,3.7331084013725047,2.457125401865447,93.74491278782794,70.10309230330215,0.10090702947845798,0.021235700554506902,True,0.0
KO,full,4,2016,252,3.5736105264341225,3.3749325822538734,91.12671732380802,106.055605969991,0.06051587301587302,0.3734532984866157,False,0.003968253968253968
KO,full,5,2268,252,3.551535199302984,-2.1239303504108125,92.90404579541709,155.82726701832252,0.048059964726631405,0.6570168002757685,False,0.007936507936507936
KO,full,6,2520,252,2.9839886443316037,9.035112822296927,100.99088200976243,184.65573887693174,0.14166666666666672,0.00018253440186123462,True,0.011904761904761904
KO,full,7,2772,252,3.534090842328452,7.86875613299082,111.24200145235761,94.13657390245857,0.06024531024531021,0.3596614020415868,False,0.0
KO,full,8,3024,252,3.895312949883649,1.302598844631683,109.92479620583525,118.4362305917583,0.0757275132275132,0.13287334596503242,False,0.0
KO,full,9,3276,252,3.6958734033258054,1.3440921686704488,110.60493647497182,80.83302502319182,0.07020757020757007,0.191135176446527,False,0.0
KO,full,10,3528,252,3.527889029421852,6.296498355594992,108.75069437909696,94.29536059047622,0.028911564625850317,0.9867012029992664,False,0.0
KO,full,11,3780,252,3.7124629845000614,4.387846708483236,107.84951200767857,105.28433905489604,0.0751322751322751,0.13281803122065106,False,0.0
BAC,full,0,1008,252,0.2471914897741086,-2.5090104577965366,257.92894926495694,145.6407759260115,0.11706349206349209,0.007545552467537864,True,0.0
BAC,full,1,1260,252,-0.3040488997400209,-6.478751917880237,239.71928767096327,188.98338708381317,0.051587301587301626,0.6189392553269512,False,0.0
BAC,full,2,1512,252,-1.3331660694300567,25.11038366438198,232.04639531262893,167.70671001996698,0.10515873015873016,0.01593300030292073,True,0.0
BAC,full,3,1764,252,2.4444838925430887,10.644028034237605,224.180439091597,136.88876478999796,0.1258503401360544,0.0017134047157484815,True,0.0
BAC,full,4,2016,252,3.469426910254905,-3.600829132154542,215.23111046136404,157.2305453666536,0.08878968253968256,0.055757372601725586,False,0.0
BAC,full,5,2268,252,2.6838429055427446,-10.993654281234871,209.5925480864134,258.9429131480744,0.05335097001763667,0.5246892365141889,False,0.003968253968253968
BAC,full,6,2520,252,1.3160931868649832,24.702213883882393,215.07699196477887,303.0865660652093,0.13174603174603183,0.0006413330232790695,True,0.0
BAC,full,7,2772,252,3.442104159321112,5.016899684934927,224.6087067743745,169.44419282177816,0.03607503607503593,0.915661611148777,False,0.0
BAC,full,8,3024,252,3.573337119788929,-15.127394475011911,220.53975275527972,193.57205038841207,0.07969576719576715,0.09947876411904814,False,0.0
BAC,full,9,3276,252,2.1348193048042488,12.014553633193707,218.64026395015617,157.23176521572316,0.0641025641025641,0.28108820228106524,False,0.0
BAC,full,10,3528,252,2.840514613974924,6.6461661576637585,214.85191084685047,150.14171828163612,0.08531746031746033,0.061902771310815535,False,0.0
BAC,full,11,3780,252,3.094224716887514,5.1881331954306695,211.15789721495005,170.14372395165205,0.08730158730158735,0.051749854227652915,False,0.0
GS,full,0,1008,252,0.04547429850933645,5.852588959623825,189.12480167817824,115.07433062053431,0.10416666666666663,0.024058409668378865,True,0.0
GS,full,1,1260,252,1.206897230732236,-8.53182791981751,176.82864138569573,159.13410354509926,0.03809523809523807,0.9132630732766087,False,0.0
GS,full,2,1512,252,-0.4162236276927235,19.078240501712678,174.04239934677264,145.8248404692498,0.07936507936507936,0.126642233424308,False,0.0
GS,full,3,1764,252,2.3686998193651916,3.4188223711069434,170.43438966426848,137.2441635764993,0.0691609977324263,0.2340556812497734,False,0.0
GS,full,4,2016,252,2.4999651383329096,-11.347268826666955,166.64786737689477,163.52158838161154,0.07837301587301582,0.12245147430449278,False,0.003968253968253968
GS,full,5,2268,252,0.9613835866662591,-9.516089118969036,166.36033323506712,250.94179974327824,0.041005291005291,0.8281468114561826,False,0.003968253968253968
GS,full,6,2520,252,-0.08636368389726952,33.95305993936908,176.67836053575053,257.8526525650639,0.15000000000000002,5.9146226468232994e-05,True,0.0
GS,full,7,2772,252,3.0081293727633067,0.9040534519193971,185.7891690872394,162.81971874427293,0.05339105339105338,0.5114176119127932,False,0.0
GS,full,8,3024,252,2.8327897126929806,-2.28422372955694,183.9855265754355,184.17510481613274,0.05720899470899471,0.4186724578732951,False,0.0
GS,full,9,3276,252,2.4391732940583712,11.766241250526583,184.0051685710067,133.1965593066135,0.06593406593406594,0.2513550402272005,False,0.0
GS,full,10,3528,252,3.1053924338061014,14.677477850230419,180.8659390123711,176.82910684705686,0.06802721088435376,0.21777258353124146,False,0.0
GS,full,11,3780,252,3.876864794901056,14.278038348199468,180.62269129739818,201.56334624672735,0.07619047619047625,0.12305712724645497,False,0.0
BRK-B,full,0,1008,252,4.008799963750664,6.712239706283762,126.93779131253962,86.43823387706556,0.06944444444444445,0.27771203634550345,False,0.0
BRK-B,full,1,1260,252,4.549487912257283,-0.9907406981043237,119.9418414050434,112.38671237231895,0.0849206349206349,0.09307725018437751,False,0.0
BRK-B,full,2,1512,252,3.6261164771970154,7.682963360228796,118.7340011399668,83.47306419917751,0.11574074074074073,0.005753120198291522,True,0.0
BRK-B,full,3,1764,252,4.205666031915841,6.580173300380753,114.37309715504503,98.1433737008805,0.08333333333333334,0.08962566154324259,False,0.0
BRK-B,full,4,2016,252,4.502479440473955,-0.14031088785507081,112.47527104347441,131.93718403252117,0.051091269841269854,0.5886022991360821,False,0.0
BRK-B,full,5,2268,252,3.986613848437397,-6.015058686567847,114.81002363668573,176.5455889898793,0.04894179894179895,0.6346039427305143,False,0.015873015873015872
BRK-B,full,6,2520,252,2.9864465949368717,14.383231464232189,122.42975489930465,160.7391244712354,0.10357142857142865,0.013784229532225564,True,0.0
BRK-B,full,7,2772,252,4.022517946690992,12.325227799881999,126.4356084070498,97.37216808793424,0.06132756132756145,0.33857126003869104,False,0.0
BRK-B,full,8,3024,252,4.714410434456909,-4.74105878869285,124.29471808714189,139.77905610991425,0.11078042328042326,0.006171284290466865,True,0.0
BRK-B,full,9,3276,252,3.9870666480607735,12.253978174477842,125.57891676942447,76.53242472244479,0.09554334554334556,0.026314565921269923,True,0.0
BRK-B,full,10,3528,252,4.577560328519136,9.738421312212392,122.74582002828784,100.33126042371251,0.05243764172335602,0.5225786387459961,False,0.0
BRK-B,full,11,3780,252,4.92161772743202,-4.24046052587214,121.38718475845054,115.72993074415892,0.04999999999999993,0.5807770630448321,False,0.0
UNH,full,0,1008,252,9.105844003153809,17.717665595463348,153.89688701184963,125.01202894217971,0.07440476190476192,0.20814360358912853,False,0.0
UNH,full,1,1260,252,10.828208321615714,2.157128342746006,148.60978802548817,158.3148252058052,0.0873015873015873,0.07824840548071808,False,0.0
UNH,full,2,1512,252,9.383028325137431,12.949616937470182,150.3055697135638,103.76443182147274,0.12235449735449735,0.00289574132334059,True,0.0
UNH,full,3,1764,252,9.892540984042112,11.78078759821364,144.58242649833718,109.68890857230912,0.09126984126984126,0.04839566604956584,True,0.0
UNH,full,4,2016,252,10.12857181081355,4.803005255355554,140.69618101590407,146.56700388975764,0.04563492063492064,0.7256812375740342,False,0.0
UNH,full,5,2268,252,9.536842193540442,-4.502313786933298,141.37044316757837,255.75201854111032,0.08730158730158732,0.06005784412599553,False,0.027777777777777776
UNH,full,6,2520,252,8.132926595493066,20.806141331263944,156.67064272256295,223.25667332613236,0.06904761904761914,0.2165098159776353,False,0.003968253968253968
UNH,full,7,2772,252,9.28503702601769,13.438865353149295,163.88645030367118,125.59554549947057,0.04401154401154406,0.7479923835509462,False,0.0
UNH,full,8,3024,252,9.631189386611993,-1.5656113023688338,161.04774447507654,148.77553411895823,0.06580687830687829,0.2565087048795877,False,0.0
UNH,full,9,3276,252,8.769897025921159,1.5546025487920265,160.16491409343996,132.02749126205458,0.06990231990231988,0.19502721405363443,False,0.0
UNH,full,10,3528,252,8.254518848983365,2.346469044800427,158.3319290296038,185.55240410815782,0.05328798185941053,0.5018410872175719,False,0.0
UNH,full,11,3780,252,7.860648862037835,-24.68778319037442,160.2972799150802,337.2735572911098,0.12830687830687823,0.0007616426322048799,True,0.011904761904761904
PFE,full,0,1008,252,7.615770774136915,4.325126090878428,119.77830156300053,99.0335533290492,0.06547619047619047,0.34436205011159265,False,0.0
PFE,full,1,1260,252,6.957641837485218,-4.938732296905208,115.93418258666524,128.18579368084633,0.08333333333333326,0.1042139631523471,False,0.0
PFE,full,2,1512,252,4.974912815086815,7.699607430605078,118.14765309636039,108.43924739660629,0.06349206349206349,0.33860455048291077,False,0.003968253968253968
PFE,full,3,1764,252,5.364154903017995,3.7534525682440623,116.81404108602736,92.7787956487607,0.10657596371882083,0.012584290868645875,True,0.003968253968253968
PFE,full,4,2016,252,5.162817111171253,7.287357728611723,114.0881327925537,120.90899451536161,0.09375,0.037034718069673817,True,0.0
PFE,full,5,2268,252,5.39887717977575,-11.455774207759841,114.86795001269837,171.85877819561372,0.0886243386243386,0.05399151127595671,False,0.023809523809523808
PFE,full,6,2520,252,3.713412041022191,9.863647596627844,121.87818691218823,182.13242004456995,0.10912698412698418,0.007981197367267162,True,0.0
PFE,full,7,2772,252,4.272524364259068,18.37865746640313,128.54059479267949,179.49029440160422,0.10064935064935066,0.01745423327039868,True,0.003968253968253968
PFE,full,8,3024,252,5.448035456104407,-10.302177830086734,133.58789131309751,156.9936660640802,0.13194444444444442,0.0005518453928345275,True,0.0
PFE,full,9,3276,252,4.236480587935858,-13.297086314824874,135.59688407498336,147.76556593483116,0.09554334554334551,0.026314565921269923,True,0.0
PFE,full,10,3528,252,2.9840829520243775,-0.7364135616806908,136.57672466095875,141.33276659502138,0.07823129251700678,0.10730958344940289,False,0.0
PFE,full,11,3780,252,2.7360498511107054,5.800166866989709,136.90208040032087,166.60746468888362,0.08227513227513239,0.07770362100034676,False,0.0
MRK,full,0,1008,252,5.551385268111098,2.103143815795432,117.93411093590308,118.82161524817383,0.04166666666666663,0.8667001251621593,False,0.0
MRK,full,1,1260,252,4.861736977647964,-3.1254561459110457,118.12019864057409,138.5660391779843,0.0841269841269841,0.09851471942664725,False,0.0
MRK,full,2,1512,252,3.530538123721463,9.739152858715832,121.80285749219168,126.27169594187247,0.05291005291005291,0.5680669248208342,False,0.003968253968253968
MRK,full,3,1764,252,4.417483085863515,-4.961366185871492,122.4705200405283,108.49192545699447,0.10317460317460314,0.01728487653833082,True,0.0
MRK,full,4,2016,252,3.2451269268966394,17.27611637257475,120.85149114941773,116.33072623679548,0.06398809523809523,0.3080154877831421,False,0.0
MRK,full,5,2268,252,4.8041257541942075,-4.7810867474791205,120.43831779509732,161.08284774011827,0.059082892416225774,0.3949072759693534,False,0.003968253968253968
MRK,full,6,2520,252,3.8456045040268747,4.893443217308417,125.13147807195192,168.46247332346724,0.0841269841269841,0.07449869058968307,False,0.0
MRK,full,7,2772,252,3.940862568870651,4.091088949355356,129.67072674272632,148.33410053342485,0.05339105339105332,0.5114176119127932,False,0.003968253968253968
MRK,full,8,3024,252,3.9533814339110434,12.617574812063097,131.32735726110045,131.25430217698667,0.0628306878306879,0.30661195722818396,False,0.0
MRK,full,9,3276,252,4.619857847615047,7.345770913261489,131.34203228697552,107.85472623954288,0.03998778998779001,0.83586084178339,False,0.0
MRK,full,10,3528,252,4.814565923732651,-12.386753582984964,129.80728149439392,153.4012964823275,0.08078231292517007,0.08851463184745378,False,0.0
MRK,full,11,3780,252,3.6678112899514757,13.426939093083124,131.5819496404901,182.1200945833833,0.13994708994709004,0.00017129133072542598,True,0.0
CAT,full,0,1008,252,5.695071381892009,-5.641480669190035,179.25516257290937,138.19500922791673,0.09126984126984128,0.06697721223446576,False,0.0
CAT,full,1,1260,252,3.4277609716755997,-1.114962264801944,171.88969005824066,173.07144885551944,0.08174603174603168,0.1164330635772193,False,0.0
CAT,full,2,1512,252,2.670640432262676,9.4665592906739,172.095540856368,146.8949639366129,0.06018518518518519,0.40330298854923075,False,0.0
CAT,full,3,1764,252,3.641485983464279,20.60624677246041,168.74281709637884,143.87901431203417,0.12698412698412698,0.0015080527385668214,True,0.0
CAT,full,4,2016,252,5.762081082088796,-4.386578741890986,165.933709177342,209.18096927656126,0.08531746031746032,0.07327136967501928,False,0.0
CAT,full,5,2268,252,4.634452212757707,-9.01073763188162,171.30875180753728,212.85337372355139,0.04717813051146383,0.6794106048660951,False,0.003968253968253968
CAT,full,6,2520,252,3.2699332282937754,32.16501760800478,175.9529274560421,249.25766251047938,0.12936507936507935,0.0008552769536126476,True,0.003968253968253968
CAT,full,7,2772,252,5.8967590809947765,0.022859337228511505,184.01648460503506,161.8778092380547,0.042207792207792166,0.7916306784781669,False,0.0
CAT,full,8,3024,252,5.40726743568092,1.6325853852649577,182.28155539974603,207.38855517722297,0.06812169312169308,0.2219027044504059,False,0.0
CAT,full,9,3276,252,5.116907277956617,19.96332729402609,184.33705547869272,168.69865249153546,0.07997557997557991,0.09564362172519358,False,0.0
CAT,full,10,3528,252,6.177365850533008,-1.8698596457269754,183.30416911702986,170.5279140997026,0.05385487528344668,0.4882214707414161,False,0.0
CAT,full,11,3780,252,5.640884150782341,29.074247379175873,182.4912907430117,211.86001607212043,0.12142857142857155,0.0017297714289907639,True,0.003968253968253968
BA,full,0,1008,252,6.763747715614952,9.965742636134541,158.27521665248648,120.38470518708344,0.06249999999999989,0.4007965392025766,False,0.0
BA,full,1,1260,252,7.4041466997188685,-5.837151590819136,151.46277185217755,161.99266772148042,0.04126984126984118,0.8572399760733236,False,0.003968253968253968
BA,full,2,1512,252,5.197263651295868,14.015847102747685,153.34742181558863,114.18709415494423,0.08399470899470901,0.09111208687078641,False,0.0
BA,full,3,1764,252,6.457061287217556,25.18881827976302,148.41926180345826,140.29668685319012,0.10147392290249435,0.0201791697536242,True,0.003968253968253968
BA,full,4,2016,252,8.798530911285738,5.758971268824684,147.5585138775423,194.93738878288502,0.10466269841269848,0.013919639788355554,True,0.0
BA,full,5,2268,252,8.4608020621234,-52.55200168333986,153.54945568242485,350.59441858969393,0.15520282186948853,3.1708550352454766e-05,True,0.023809523809523808
BA,full,6,2520,252,2.3595216875770726,38.19326199266658,183.9738216182836,469.31985429875255,0.225,1.1945410489196685e-10,True,0.051587301587301584
BA,full,7,2772,252,5.617134442585212,-11.216869824380902,225.6086959442142,219.76959662118858,0.11327561327561325,0.0049527311777450185,True,0.0
BA,full,8,3024,252,4.214300753671367,2.370495894110931,225.17596166341647,281.2854932476852,0.11772486772486779,0.0029282928389826736,True,0.0
BA,full,9,3276,252,4.0724696106282545,-3.4404980327395798,229.97913473108076,187.29608880801922,0.031746031746031744,0.9674015913967186,False,0.0
BA,full,10,3528,252,3.5358290646734103,-1.0953073508564881,227.20467002778256,211.28324285103434,0.08503401360544219,0.0633381561177061,False,0.0
BA,full,11,3780,252,3.2270866369714173,2.478925816898283,226.18106249343955,228.72006642179335,0.0367724867724869,0.8964420225259458,False,0.0
NEE,full,0,1008,252,8.213480509894273,6.069189572208885,99.63792685810779,111.26618742629569,0.05555555555555558,0.5514488072404921,False,0.0
NEE,full,1,1260,252,7.784622322357194,5.2435334044208854,102.07321757014469,112.42878417688864,0.05634920634920636,0.5057157955571042,False,0.003968253968253968
NEE,full,2,1512,252,7.3611075027011434,4.977971853645172,103.87518245565838,107.14918385676263,0.02645502645502651,0.9975559863536442,False,0.003968253968253968
NEE,full,3,1764,252,7.020659552836004,9.224316538163885,104.35251847479299,86.70610811334257,0.06462585034013602,0.3060070561372427,False,0.0
NEE,full,4,2016,252,7.296116676001991,7.852335362055926,102.31589261906119,98.8835609463974,0.05555555555555558,0.48081950473939206,False,0.0
NEE,full,5,2268,252,7.357918752230204,4.337509911600192,101.9403794647086,179.14544602225325,0.0564373897707231,0.45241859509689064,False,0.023809523809523808
NEE,full,6,2520,252,7.055877868167203,13.252075616564925,112.08383920164368,227.35769790008075,0.15039682539682542,5.5964666341407854e-05,True,0.003968253968253968
NEE,full,7,2772,252,7.619168572566995,6.768930113996979,126.97683951384296,147.27479003856658,0.0757575757575758,0.13516294541901938,False,0.0
NEE,full,8,3024,252,7.54831536768616,-2.6556609115769354,128.79079352008148,182.63369529798658,0.14715608465608465,7.482925957974271e-05,True,0.0
NEE,full,9,3276,252,6.763394115435154,-6.944487659916005,133.7322239570995,175.06188469679128,0.12271062271062266,0.0015971337829184978,True,0.0
NEE,full,10,3528,252,5.784259702910071,5.523270652457712,137.14360254238315,168.62932202291395,0.12981859410430852,0.00065553738737615,True,0.0
NEE,full,11,3780,252,5.766860432879914,12.451428850422424,139.46398815379243,163.01152319385582,0.09232804232804237,0.03364380078801138,True,0.0
XOM,full,0,1008,252,4.515947938741106,-2.6689303175654406,116.44700987146582,108.42320043216615,0.0575396825396825,0.5060886982933912,False,0.0
XOM,full,1,1260,252,3.0789722874797967,0.4805780558692063,114.92302885359493,153.77067415240458,0.08888888888888888,0.06951338363183118,False,0.003968253968253968
XOM,full,2,1512,252,2.645906582211365,0.3766534131559805,122.26171342033616,95.06243171308486,0.059523809523809534,0.41708844230139713,False,0.0
XOM,full,3,1764,252,2.3217275580605956,-2.468178256974069,118.7607674515276,91.1664927916537,0.11394557823129237,0.0061063238322563735,True,0.0
XOM,full,4,2016,252,1.7229893311812623,5.308549538421173,115.6828876204599,129.10817323549256,0.08680555555555558,0.06526379016681631,False,0.0
XOM,full,5,2268,252,2.1213849097634743,-32.12171049160242,117.25593662892395,210.97805708725528,0.14594356261022923,0.00011408058565879153,True,0.01984126984126984
XOM,full,6,2520,252,-1.3029246303731155,22.799785295895504,130.11827821995246,296.7054411803043,0.21230158730158732,1.6086832749656673e-09,True,0.023809523809523808
XOM,full,7,2772,252,0.8882308174694866,15.280082648971302,153.11015343591853,181.6167359115373,0.12049062049062054,0.002254746228912965,True,0.0
XOM,full,8,3024,252,2.087551803427972,13.63035097844376,155.73599820670032,213.15760471502603,0.17526455026455023,1.0413672241422715e-06,True,0.0
XOM,full,9,3276,252,2.97545943227534,3.7170449162214414,160.91172098878525,142.03791322791184,0.0589133089133089,0.3785947391463719,False,0.0
XOM,full,10,3528,252,3.0284298239857756,2.386730048841529,159.63772487182632,126.94852109227645,0.03514739229024949,0.9248441084364758,False,0.0
XOM,full,11,3780,252,2.9856498389761597,15.224870586117497,157.66951854342923,155.71174572429527,0.10555555555555562,0.009653946528309762,True,0.0
JPM,full,0,1008,252,3.804499271453511,3.4918087332642154,190.19412814639313,121.82489988611084,0.11706349206349209,0.007545552467537864,True,0.0
JPM,full,1,1260,252,3.7419611638156534,-0.904278550633058,178.6262074713705,158.18881396666342,0.04523809523809519,0.7719047184936885,False,0.0
JPM,full,2,1512,252,2.9675878780742004,18.330853485634325,175.3939852930041,125.37679152816139,0.13624338624338622,0.0006043603777340406,True,0.0
JPM,full,3,1764,252,5.162340107725647,10.1483838379392,169.24198722722983,110.96500983748295,0.11451247165532881,0.005764324662566214,True,0.0
JPM,full,4,2016,252,5.7855955740023415,-2.6156464163053164,163.10845247321458,130.8152939248811,0.0714285714285714,0.19583042131014888,False,0.0
JPM,full,5,2268,252,4.852124241745934,-6.910650439555963,159.8646364267576,249.13974868389838,0.05731922398589068,0.43275563513258913,False,0.015873015873015872
JPM,full,6,2520,252,3.6758467736157456,25.182578392079755,170.94018216159517,266.14382773822825,0.1436507936507937,0.00014040655186413638,True,0.0
JPM,full,7,2772,252,5.63100419347611,-3.1098860719670385,181.7737070387136,150.94850778850966,0.045454545454545414,0.711847298514342,False,0.0
JPM,full,8,3024,252,4.902596671355846,-1.5135497685003287,179.423608283244,177.70624963350312,0.08994708994708989,0.04397196797636307,True,0.0
JPM,full,9,3276,252,4.409046945213064,17.857560894398038,179.30023937501122,109.07538362870223,0.11233211233211235,0.005059821905923428,True,0.0
JPM,full,10,3528,252,5.369655084440563,10.117747237931791,175.2542783273171,159.38080888053645,0.06377551020408168,0.2837733329103647,False,0.0
JPM,full,11,3780,252,5.686194561339979,6.742664662475843,174.24506739423217,157.43045234922943,0.058994708994709044,0.3709079876704011,False,0.0
AAPL,full,0,1008,252,8.943276831503548,21.622527555882485,173.77492723536517,139.79500889032167,0.08928571428571427,0.07746635285890305,False,0.0
AAPL,full,1,1260,252,11.479126976379336,-6.975287339624917,167.60796912582424,173.34688101435776,0.07301587301587298,0.20611932899770732,False,0.0
AAPL,full,2,1512,252,8.403391257045293,11.942055774880815,168.71825737813012,123.73910122646063,0.11904761904761904,0.004101245106014934,True,0.0
AAPL,full,3,1764,252,8.908914759593223,9.548567942182917,163.05879775498096,123.56677242930249,0.0861678004535148,0.0723852743039805,False,0.0
AAPL,full,4,2016,252,8.988871407416937,3.408980530187971,158.66092222778235,192.97918786539253,0.04712301587301593,0.6885272412848389,False,0.0
AAPL,full,5,2268,252,8.368883532169272,10.955203836830181,162.84107746991384,230.54516001991664,0.0679012345679012,0.23789793467584505,False,0.011904761904761904
AAPL,full,6,2520,252,8.627515562635367,27.026373329995046,170.8250682892057,246.74894771047386,0.14126984126984132,0.00019228420043308715,True,0.0
AAPL,full,7,2772,252,10.300138996031702,12.629441942923984,179.14058125161674,152.23751442613633,0.044733044733044736,0.7300245830611044,False,0.0
AAPL,full,8,3024,252,10.494247574939386,-0.914334014216715,177.05603177996593,218.3967908569277,0.12268518518518517,0.0016719768204397569,True,0.0
AAPL,full,9,3276,252,9.616664375773533,3.1144759456789846,180.59801572446253,121.68510718201871,0.08730158730158732,0.05361745724185693,False,0.0
AAPL,full,10,3528,252,9.152222345052495,10.770443796462779,177.04920352458382,153.63023056695872,0.06660997732426305,0.23834373206655923,False,0.0
AAPL,full,11,3780,252,9.260103775146513,5.0307225353435525,175.5856065419052,196.77556248671027,0.10873015873015868,0.006978447533945542,True,0.003968253968253968
WMT,full,0,1008,252,3.853656741385212,4.882654168005705,93.0315712096316,93.1370686530413,0.0406746031746032,0.8846479539284156,False,0.003968253968253968
WMT,full,1,1260,252,4.059456226709311,-6.863548207327989,93.05359057314826,135.4156451675546,0.09523809523809518,0.04237943428912685,True,0.003968253968253968
WMT,full,2,1512,252,2.238955487703094,2.5440675608811825,101.432799788121,111.40258968847687,0.04629629629629628,0.7308983177897496,False,0.003968253968253968
WMT,full,3,1764,252,2.2825429267285355,9.85260581493316,102.91625862166129,138.33947318962163,0.09013605442176875,0.053031132051047605,False,0.007936507936507936
WMT,full,4,2016,252,3.228800787754113,5.686100532926098,108.01055879158395,127.97298057422829,0.07341269841269837,0.17202330183740847,False,0.0
WMT,full,5,2268,252,3.5018340927732226,8.353959275650636,110.40969041517862,161.76410950369132,0.04056437389770723,0.8377107270986168,False,0.003968253968253968
WMT,full,6,2520,252,3.9870466110609653,4.533319951039959,116.5768045404461,151.77880035752523,0.09603174603174602,0.027641729014236546,True,0.0
WMT,full,7,2772,252,4.036707823786327,4.539849057162118,120.2038378953732,99.91603191590818,0.032828282828282845,0.9589042948442472,False,0.0
WMT,full,8,3024,252,4.078636259900977,-0.7658158347025922,118.64584364877162,167.1655351783682,0.09325396825396826,0.03308668800436441,True,0.003968253968253968
WMT,full,9,3276,252,3.7059860987776245,11.374825654631694,123.06596547669956,96.20468607554601,0.072039072039072,0.16903960670225687,False,0.0
WMT,full,10,3528,252,4.253760352767201,13.20861655145421,121.36072737722854,134.63794427448317,0.1023242630385488,0.013605165700739085,True,0.0
WMT,full,11,3780,252,4.850750766013001,14.86134993420996,122.31112939770041,151.67869789892939,0.08227513227513239,0.07770362100034676,False,0.0
JNJ,full,0,1008,252,5.076796752601357,4.133426297765975,85.17373563814864,97.49635667632238,0.07738095238095244,0.17332784555843772,False,0.0
JNJ,full,1,1260,252,4.88812266163428,3.181871945019529,87.7775740079864,103.7858717634055,0.06825396825396823,0.2736570480737494,False,0.003968253968253968
JNJ,full,2,1512,252,4.60374754219849,8.307458110979903,90.64440205880001,71.43488109240252,0.08068783068783067,0.11549245562686868,False,0.0
JNJ,full,3,1764,252,5.132849052024405,1.6793094266541058,88.1663572194174,97.58444468073071,0.03968253968253968,0.8679417601161401,False,0.011904761904761904
JNJ,full,4,2016,252,4.701156598853117,3.1629588415271077,89.40519121532526,125.36728921968975,0.07440476190476186,0.16100797075565432,False,0.003968253968253968
JNJ,full,5,2268,252,4.530245736928006,-1.9829230627777155,94.08351260326614,155.08722353024643,0.0515873015873016,0.5679773790696098,False,0.011904761904761904
JNJ,full,6,2520,252,3.878928856957434,10.219265643500252,101.86048901672976,154.8114136574314,0.08769841269841272,0.05609895359352732,False,0.003968253968253968
JNJ,full,7,2772,252,4.455323110279507,4.5047468131524395,107.77025705502355,93.74052285034003,0.06962481962481959,0.20470132543405994,False,0.0
JNJ,full,8,3024,252,4.459441752185585,-4.0051901557109,106.67161416631396,104.26180694429527,0.10185185185185186,0.015051993503234953,True,0.0
JNJ,full,9,3276,252,3.808316220808933,1.6787732609643355,106.5120657913532,98.63494262877673,0.04548229548229543,0.7033355253242061,False,0.0
JNJ,full,10,3528,252,3.6562060093914615,2.5735561130073177,105.9702535769254,104.06733644207611,0.0643424036281179,0.2742220198614193,False,0.0
JNJ,full,11,3780,252,3.5840293496325186,16.802360706099368,105.84480132316479,120.68780635536554,0.08941798941798951,0.043295915598866544,True,0.0
