ticker,model,n,DA,majority,DA_minus_majority,PT_p,R2_OOS,RMSE_bps,alpha_ann,t_alpha,p_alpha,beta,exposure
AAPL,AR(1) returns,3024,53.624733475479744,53.482587064676615,0.1421464108031345,0.07257736211033713,-0.002633552249797555,178.31761833396538,-0.0008705759830929799,-0.035391684751744826,0.9717697526068151,0.9001406726276744,0.9451058201058201
AAPL,"ARIMA(5, 0, 0) returns",3024,52.55863539445629,53.482587064676615,-0.9239516702203243,0.48967611150718526,-0.006078412131749422,178.62368852075656,-0.0181381497752571,-0.5618633470866944,0.5742507952412437,0.8087658925618981,0.8683862433862434
AAPL,BiLSTM,3024,53.02061122956645,53.482587064676615,-0.46197583511016216,0.17363811374442667,-0.0031013580059682244,178.35921293257738,-0.0001423796851660712,-0.006205711262647166,0.9950490001824375,0.9142038962727496,0.8687169312169312
AAPL,Historical mean,3024,53.482587064676615,53.482587064676615,0.0,,0.0,178.0832767132236,-3.138806149977792e-05,-1.002480382916591,0.3161918978699186,1.0000005166827706,1.0
AAPL,Hybrid meta (+VIX),2520,53.56380708493384,53.77720870678617,-0.21340162185232714,0.7631748145772446,-0.0009359624148885803,181.88733798438236,-0.0019181470291767006,-0.16699334921556977,0.8673886908438405,0.984108225882675,0.9908730158730159
AAPL,Hybrid meta (no VIX),2520,53.819889031156634,53.77720870678617,0.042680324370458766,0.3514359078269199,-0.00021417931316092265,181.82174593464515,0.0037101860150346166,0.3024851157778798,0.7623072621102454,0.9817630445538142,0.9880952380952381
AAPL,Random sign,3024,50.923951670220326,53.482587064676615,-2.558635394456288,0.16883610609190292,-0.8720150552215573,243.65639065078219,0.02079196749955433,0.5074736552269418,0.6118595483769081,0.4859533934723563,0.49834656084656087
AAPL,Transformer,3024,53.447050461975834,53.482587064676615,-0.03553660270078085,0.06129852981067641,-0.009877450665327858,178.9606199481832,0.052084484128883675,1.555020794208485,0.12004582985052965,0.7875714989471758,0.8108465608465608
AAPL,Tree Ensemble,3024,51.1727078891258,53.482587064676615,-2.309879175550811,0.24566982892740002,-0.12077814028036382,188.53108372226524,0.02239018149380547,0.5521977380231969,0.5808537185796797,0.5729245179449901,0.560515873015873
AAPL,Zero return,3024,46.517412935323385,53.482587064676615,-6.96517412935323,,-0.0021338860622484024,178.27318017017498,0.0,,,0.0,0.0
AMZN,AR(1) returns,3024,52.664796633941094,53.015427769985976,-0.3506311360448877,0.8617063396708214,-0.00044667640674589393,206.21172425410614,0.022343725913047986,1.078307812108371,0.28098247348007044,0.9495784402387136,0.9854497354497355
AMZN,"ARIMA(5, 0, 0) returns",3024,52.84011220196353,53.015427769985976,-0.1753155680224494,0.24443737225807138,-0.0020697635438597928,206.3789315446295,-0.0010490053109868196,-0.03237047119346743,0.9741787484022956,0.8655639579182818,0.9083994708994709
AMZN,Historical mean,3024,53.015427769985976,53.015427769985976,0.0,,0.0,206.1656847211027,-3.239958126930566e-05,-1.0354896725026381,0.3005231385895539,1.0000045401969224,1.0
AMZN,Random sign,3024,51.12201963534362,53.015427769985976,-1.8934081346423604,0.14254922707487844,-0.9335008361788866,286.67416939571496,-0.0012402210068160407,-0.026160257159195167,0.9791312424791024,0.5183424382314766,0.49834656084656087
AMZN,Tree Ensemble,3024,50.28050490883591,53.015427769985976,-2.7349228611500687,0.713848219013483,-0.06666180271374866,212.9265181263855,0.014186650048920108,0.299071203121534,0.7649062825996621,0.5218919057979843,0.5730820105820106
AMZN,Zero return,3024,46.984572230014024,53.015427769985976,-6.030855539971952,,-0.0009925136835529091,206.26797047897588,0.0,,,0.0,0.0
AVGO,AR(1) returns,3024,53.13152400835073,53.40988169798191,-0.27835768963118124,0.1711581998298195,0.0015298032292871966,242.971172785563,0.08724285357018675,1.8569670376300773,0.06341307783311267,0.7715901451035567,0.8621031746031746
AVGO,"ARIMA(5, 0, 0) returns",3024,53.201113430758525,53.40988169798191,-0.20876826722338038,0.052699003469216174,0.004675291640986123,242.588153904904,0.08383077184852772,1.795214288807226,0.0727194481063336,0.7758597105678756,0.7827380952380952
AVGO,Historical mean,3024,53.40988169798191,53.40988169798191,0.0,,0.0,243.15723533449062,-3.058217385445448e-05,-0.976173556580623,0.32905659858596853,0.9999984202453965,1.0
AVGO,Random sign,3024,50.52192066805845,53.40988169798191,-2.887961029923458,0.4084847760396224,-0.843875707449516,330.18171440625457,-0.003275616119583495,-0.05848794123503215,0.9533638345530138,0.4691851321297752,0.49834656084656087
AVGO,Tree Ensemble,3024,52.435629784272784,53.40988169798191,-0.9742519137091232,0.021084511929243543,-0.09423325205144306,254.35609622912338,0.00165201744475345,0.030931147128371837,0.9753264925280113,0.6532230569357971,0.5810185185185185
AVGO,Zero return,3024,46.59011830201809,53.40988169798191,-6.819763395963818,,-0.002795017470332395,243.49681257937635,0.0,,,0.0,0.0
BA,AR(1) returns,3024,51.63790066924974,51.743571680169076,-0.10567101091933928,0.15144076641024723,0.0011333851133307205,244.76918654456136,0.03786877623898658,0.7202757788226952,0.4714109205746305,0.6728515770373025,0.7979497354497355
BA,"ARIMA(5, 0, 0) returns",3024,50.158506516379006,51.743571680169076,-1.585065163790067,0.5957968439683419,-0.049893757686892304,250.9433390080043,-0.1209832330718738,-2.1851944149546165,0.028951134100447234,0.576875172378443,0.6243386243386243
BA,Historical mean,3024,51.743571680169076,51.743571680169076,0.0,,0.0,244.9080134400818,-3.1640802088804793e-05,-1.0121915373721264,0.31152751478636226,1.0000031164872614,1.0
BA,Random sign,3024,51.03909827404015,51.743571680169076,-0.7044734061289248,0.1288113624133978,-0.5993669262248982,309.7255629610784,-0.04656994019957293,-0.831374506094836,0.4058277794884577,0.48490972863359466,0.49834656084656087
BA,Tree Ensemble,3024,48.85523071504051,51.743571680169076,-2.8883409651285663,0.7601899170111985,-0.3433667012136761,283.85744218414226,-0.1473049029202629,-2.64275437817902,0.008265905537015361,0.4533729105488745,0.5062830687830688
BA,Zero return,3024,48.256428319830924,51.743571680169076,-3.487143360338152,,0.0004210712082659551,244.8564461545688,0.0,,,0.0,0.0
BAC,AR(1) returns,3024,49.982425307557115,51.3884007029877,-1.4059753954305865,0.6382248250351462,-0.0028694281595280646,189.97510344982365,-0.10270928882160872,-2.456901866213469,0.014069924944384285,0.6388627172220885,0.595568783068783
BAC,"ARIMA(5, 0, 0) returns",3024,50.755711775043935,51.3884007029877,-0.6326889279437697,0.21746350569959794,-0.019033735258133344,191.49999824605976,-0.05531688655218716,-1.2888015854534187,0.1975657245799881,0.5820675514165611,0.5453042328042328
BAC,Historical mean,3024,50.123022847100174,51.3884007029877,-1.2653778558875284,0.8218729312912962,0.0,189.70312866342454,-0.004355608149545506,-0.14577621186206477,0.8841077778197365,0.8635998432694447,0.8482142857142857
BAC,Random sign,3024,50.68541300527241,51.3884007029877,-0.702987697715296,0.30402993188085514,-1.3345229962246732,289.8501781708109,0.01472793434194046,0.3394087612516849,0.7343254038454796,0.46219767370302683,0.49834656084656087
BAC,Tree Ensemble,3024,50.26362038664324,51.3884007029877,-1.1247803163444647,0.31761923120019886,-0.10545620016380464,199.45515414237354,-0.019554056487867625,-0.45019845982475964,0.6525996396133324,0.47060958278634557,0.49933862433862436
BAC,Zero return,3024,48.611599297012305,51.3884007029877,-2.776801405975399,,5.247205782321629e-05,189.6981515413655,0.0,,,0.0,0.0
BRK-B,AR(1) returns,3024,51.88024826579043,52.354874041621024,-0.47462577583059495,0.11594056628896232,0.0003722163332546824,119.04191542994276,-0.02550030216724885,-0.9515316585664593,0.3414106502654699,0.5995622142469137,0.6061507936507936
BRK-B,"ARIMA(5, 0, 0) returns",3024,51.186564439576486,52.354874041621024,-1.1683096020445372,0.27816674220604287,-0.007770870558974963,119.52579679507022,-0.016844892411359075,-0.6296315411623834,0.5289832796380849,0.6016165895183195,0.5873015873015873
BRK-B,Historical mean,3024,52.354874041621024,52.354874041621024,0.0,,0.0,119.06407628924251,-3.192048326830896e-05,-1.0203638642513497,0.3076376014496877,1.000005144807581,1.0
BRK-B,Random sign,3024,51.69769989047097,52.354874041621024,-0.6571741511500528,0.014107834716416696,-0.9529014902882658,166.3875839002344,0.013615728384975948,0.49873680667056336,0.6180011102039128,0.48207880916309853,0.49834656084656087
BRK-B,Tree Ensemble,3024,49.835706462212485,52.354874041621024,-2.5191675794085375,0.6915729207528464,-0.20655808494069827,130.78407469844257,-0.05339003621733574,-1.9713914537237813,0.04877021128834885,0.5668007488475874,0.5248015873015873
BRK-B,Zero return,3024,47.64512595837897,52.354874041621024,-4.709748083242054,,-0.0009718013239312651,119.12191555407153,0.0,,,0.0,0.0
CAT,AR(1) returns,3024,52.256699576868826,52.29196050775741,-0.035260930888580955,0.3577505730451829,-0.0009052771788755631,186.40657026354774,-0.0033528690599840066,-0.19609811703138247,0.8445465549671072,0.9583629488061565,0.9775132275132276
CAT,"ARIMA(5, 0, 0) returns",3024,51.939351198871655,52.29196050775741,-0.35260930888575404,0.10864556258286728,-0.005982688039691597,186.87877552230128,-0.00843241250468931,-0.2168028921549503,0.8283765923065616,0.7082022615994618,0.7152777777777778
CAT,Historical mean,3024,52.29196050775741,52.29196050775741,0.0,,0.0,186.32225270027922,-3.165050037649101e-05,-1.011394603305026,0.3119085731659912,1.0000017065896154,1.0
CAT,Random sign,3024,50.84626234132581,52.29196050775741,-1.445698166431597,0.24204249592456778,-0.8349637818590427,252.3936792964983,0.03738776507539532,0.8745728175239684,0.3818758814489633,0.49400997595147067,0.49834656084656087
CAT,Tree Ensemble,3024,51.093088857545844,52.29196050775741,-1.1988716502115637,0.17429255370150187,-0.11289790968380209,196.55875364618092,-0.015019712591992982,-0.35163032084589485,0.7251400378815516,0.4789980778012513,0.49437830687830686
CAT,Zero return,3024,47.70803949224259,52.29196050775741,-4.583921015514814,,-0.0012054223197772718,186.43451737991884,0.0,,,0.0,0.0
CRM,AR(1) returns,3024,52.916373858046384,52.63527758257203,0.28109627547435734,0.12586166387091058,0.00027138573655050013,219.16334202368216,0.011075130430963408,0.2953701553449098,0.7677314209196743,0.8333156840154053,0.9315476190476191
CRM,"ARIMA(5, 0, 0) returns",3024,52.98664792691496,52.63527758257203,0.35137034434293835,0.03681311274648102,-0.002406344869879229,219.4566555967968,0.020915836907607246,0.48862300891340676,0.6251440752949096,0.7622061178747233,0.7946428571428571
CRM,Historical mean,3024,52.63527758257203,52.63527758257203,0.0,,0.0,219.19308698058686,-3.2085835860365205e-05,-1.0263191132008977,0.30482333240301446,1.0000053532730082,1.0
CRM,Random sign,3024,51.08924806746311,52.63527758257203,-1.5460295151089154,0.12041177450331314,-1.0848624762520318,316.4940570456096,-0.03201837170906045,-0.6389270919653943,0.5229187841752835,0.5419370530952107,0.49834656084656087
CRM,Tree Ensemble,3024,51.159522136331695,52.63527758257203,-1.4757554462403344,0.16790666412645766,-0.0858920476726901,228.41266416601405,-0.030852849928958207,-0.6230058961285895,0.5333276585328255,0.5878397960593047,0.5515873015873016
CRM,Zero return,3024,47.36472241742797,52.63527758257203,-5.270555165144058,,0.00042660129856475493,219.14632796541957,0.0,,,0.0,0.0
DIS,AR(1) returns,3024,50.71479628305933,50.39313795568263,0.32165832737669486,0.18789884084685443,0.0005353675831134552,172.39541679228265,0.007450996492706272,0.222685472268519,0.8237953580076748,0.766728960926001,0.8389550264550265
DIS,"ARIMA(5, 0, 0) returns",3024,50.60757684060043,50.39313795568263,0.21443888491780028,0.2189707091704181,-0.005433305967858404,172.90941212504458,-0.03162482839169119,-0.8938940916394702,0.3714497413113988,0.7240180738711809,0.7447089947089947
DIS,Historical mean,3024,50.39313795568263,50.39313795568263,0.0,,0.0,172.4415827887573,-3.169142500323047e-05,-1.0140523694442936,0.3106389440694114,1.0000075643780766,1.0
DIS,Random sign,3024,52.072909220872056,50.39313795568263,1.6797712651894225,0.020766616822272432,-0.6933179658700532,224.3940094463191,0.020019145393200925,0.5064481341020897,0.6125790367262542,0.4854900424969582,0.49834656084656087
DIS,Tree Ensemble,3024,50.10721944245889,50.39313795568263,-0.2859185132237374,0.7497683889378474,-0.14951750532561858,184.88419858457942,-0.0806654710156431,-2.0425573143365043,0.04118288832341253,0.4721299799596156,0.52744708994709
DIS,Zero return,3024,49.60686204431737,50.39313795568263,-0.786275911365264,,0.000983593984752007,172.35675567298935,0.0,,,0.0,0.0
GOOGL,AR(1) returns,3024,54.18284504059301,53.93575714789976,0.24708789269325404,0.041401343137229187,-0.0006601533852192976,178.06135863172395,0.03578275959749549,1.1984310552170578,0.23084322188817935,0.8416582026043572,0.906415343915344
GOOGL,"ARIMA(5, 0, 0) returns",3024,53.40628309212848,53.93575714789976,-0.5294740557712729,0.17601909192401127,-0.0012853927217106875,178.11697870420096,0.005318539796771741,0.15412718261152672,0.8775197473673717,0.7697230587061316,0.8353174603174603
GOOGL,Historical mean,3024,53.93575714789976,53.93575714789976,0.0,,0.0,178.0026138112297,-3.2204324900121284e-05,-1.0291266737401916,0.3035025130300862,1.000004217943819,1.0
GOOGL,Random sign,3024,50.75891281327215,53.93575714789976,-3.1768443346276043,0.17788702737435447,-0.767894575780457,236.67618555043882,0.015078399679751095,0.3694551585694902,0.7118143762651468,0.5409725817456074,0.49834656084656087
GOOGL,Tree Ensemble,3024,51.07659724673491,53.93575714789976,-2.8591599011648428,0.09064654846328213,-0.08178132252293402,185.1382349648487,0.040271781356722325,0.9907330511714346,0.321895265580586,0.43844430697477316,0.47685185185185186
GOOGL,Zero return,3024,46.06424285210024,53.93575714789976,-7.871514295799509,,-0.0013062504459264712,178.11883386732418,0.0,,,0.0,0.0
GS,AR(1) returns,3024,50.529661016949156,52.436440677966104,-1.906779661016944,0.31839888180265996,-0.004245389692407064,180.00681891603864,-0.05236075097588247,-1.2826722457301654,0.19970529874670243,0.5721166263827285,0.5588624338624338
GS,"ARIMA(5, 0, 0) returns",3024,50.7768361581921,52.436440677966104,-1.659604519774005,0.16913750824293938,-0.004744721857026679,180.05156496380542,-0.042926481728127956,-1.043766543722521,0.2966768999290237,0.5362050959230177,0.5419973544973545
GS,Historical mean,3024,51.836158192090394,52.436440677966104,-0.6002824858757028,0.5145743860093291,0.0,179.62593170208788,-0.02533036581998657,-0.9244331660546311,0.3553346414277932,0.8741565594928735,0.9312169312169312
GS,Random sign,3024,51.871468926553675,52.436440677966104,-0.5649717514124242,0.014148768378084382,-0.9068740951025065,248.04475219547706,0.04122605170099477,1.0003658743320565,0.3172135708916112,0.48564213808306944,0.49834656084656087
GS,Tree Ensemble,3024,48.97598870056497,52.436440677966104,-3.4604519774011298,0.9316554551570455,-0.1638866411286981,193.78688221267936,-0.08577472606541485,-2.0797446871975342,0.037633058771235406,0.4858790556647969,0.5062830687830688
GS,Zero return,3024,47.563559322033896,52.436440677966104,-4.8728813559322015,,-0.00043124144508266404,179.66465860055777,0.0,,,0.0,0.0
HD,AR(1) returns,3024,52.70706346360703,53.209035496593756,-0.5019720329867305,0.448710657349273,-0.0034426527739914725,151.52823534044813,-0.039675268804031015,-1.6669712765610665,0.09562373780868813,0.8626170185959581,0.917989417989418
HD,"ARIMA(5, 0, 0) returns",3024,52.384367156686984,53.209035496593756,-0.8246683399067756,0.5573947684947897,-0.011334099572268608,152.1229056959433,-0.0050157078688624875,-0.1776446273987061,0.8590139801693475,0.7870612890649169,0.857473544973545
HD,Historical mean,3024,53.209035496593756,53.209035496593756,0.0,,0.0,151.26807732349204,-3.13950442880139e-05,-1.003465284564094,0.3157167587051128,1.0000008534408942,1.0
HD,Random sign,3024,52.420222301900324,53.209035496593756,-0.7888131946934385,0.00787083458101671,-0.8153054296757549,203.8084284579399,-0.028580431150658725,-0.8292532200725602,0.4070266298746398,0.5071708520369671,0.49834656084656087
HD,Tree Ensemble,3024,49.04983865184654,53.209035496593756,-4.15919684474722,0.9289233317409841,-0.21391024720161744,166.66352981765627,-0.07419289233677952,-2.239818533947637,0.025175142248779654,0.6399442684310043,0.628968253968254
HD,Zero return,3024,46.790964503406244,53.209035496593756,-6.418070993187519,,-0.0007549269365221267,151.32516472442427,0.0,,,0.0,0.0
JNJ,AR(1) returns,3024,51.18081180811808,52.87822878228783,-1.697416974169752,0.8513816221336179,0.0024877552598788766,113.07880098621666,-0.007041403953304607,-0.3366437646097761,0.7364088354770978,0.7964311240881963,0.8191137566137566
JNJ,"ARIMA(5, 0, 0) returns",3024,50.77490774907749,52.87822878228783,-2.103321033210337,0.6727512337179608,-0.004926694858716774,113.49827699809003,-0.021693319213804563,-0.9090153484457195,0.3634145122202721,0.6975569431947254,0.7377645502645502
JNJ,BiLSTM,3024,51.77121771217712,52.87822878228783,-1.1070110701107083,0.7955236373234994,-0.012141079220257645,113.90495137026744,-0.0014454273910788583,-0.08347656947284322,0.9334781360584994,0.8725892059355198,0.843915343915344
JNJ,Historical mean,3024,52.87822878228783,52.87822878228783,0.0,,0.0,113.21972016107419,-3.174695898818598e-05,-1.0148324276548546,0.3102669547547891,1.0000040838626294,1.0
JNJ,Hybrid meta (+VIX),2520,52.97513321492006,52.97513321492006,0.0,,2.6868048625838803e-05,115.55289490257351,-3.657346055785004e-05,-0.9742614453212607,0.3300203257914674,0.9999925895301616,1.0
JNJ,Hybrid meta (no VIX),2520,53.108348134991125,52.97513321492006,0.1332149200710564,0.22431815818279777,-0.00037386301461372895,115.57604602270538,0.0028440845254216673,0.2068255222790496,0.836162845980492,0.9401374481610839,0.9654761904761905
JNJ,Random sign,3024,49.96309963099631,52.87822878228783,-2.915129151291518,0.4388191002850995,-0.7152072217756771,148.27924820087767,-0.02191191986758671,-0.8438713942998138,0.39880806746601927,0.5144811746920074,0.49834656084656087
JNJ,Transformer,3024,52.54612546125461,52.87822878228783,-0.33210332103321694,0.42720406481366974,-0.008555049890798028,113.70298894245349,0.024677353233202727,1.333118214797289,0.18259349983808867,0.8494481238648195,0.8902116402116402
JNJ,Tree Ensemble,3024,50.221402214022135,52.87822878228783,-2.656826568265691,0.423945527457023,-0.05327716797948412,116.19659777589575,-0.047141885995533796,-1.8245835549857166,0.06816258394819695,0.5542939468441807,0.5125661375661376
JNJ,Zero return,3024,47.12177121771218,52.87822878228783,-5.756457564575651,,-0.0009202541589767854,113.27180364049825,0.0,,,0.0,0.0
JPM,AR(1) returns,3024,51.42959256611866,52.930664760543245,-1.5010721944245908,0.15594262884881926,0.0007829839610347111,167.18000721059826,-0.025413811023369936,-0.692237094006649,0.4888416316172235,0.6482217619810281,0.6547619047619048
JPM,"ARIMA(5, 0, 0) returns",3024,52.35882773409578,52.930664760543245,-0.5718370264474637,0.021832359115249052,-0.0007967302619393823,167.31210681075913,-0.00941925280985272,-0.25497672259979703,0.7987584280427374,0.6376212320857844,0.6259920634920635
JPM,BiLSTM,3024,51.786990707648314,52.930664760543245,-1.1436740528949274,0.22321224738042922,-0.009191287427677164,168.0123379740473,-0.010913780472793127,-0.33343613234060754,0.7388282248447364,0.7626993626010836,0.6587301587301587
JPM,Historical mean,3024,52.930664760543245,52.930664760543245,0.0,,0.0,167.24549530232838,-3.09582338684063e-05,-0.989432123288945,0.3225309768706573,0.999998516040084,1.0
JPM,Hybrid meta (+VIX),2520,53.11025311025311,53.11025311025311,0.0,,-0.00043576678620382836,172.00809668327707,-3.428142526692902e-05,-0.9132683943922312,0.36118883493158405,0.9999856562191183,1.0
JPM,Hybrid meta (no VIX),2520,53.19605319605319,53.11025311025311,0.0858000858000807,0.13512837090512736,-0.0005716416334051733,172.01977698356598,0.0019778672534269794,0.37313644519413536,0.7090783033460812,0.9961974166241131,0.9984126984126984
JPM,Random sign,3024,51.28663330950679,52.930664760543245,-1.644031451036454,0.07138890031185055,-1.0310399574846167,238.34918035843265,0.02061907454696296,0.537402876298429,0.5910289242314785,0.46714459289934646,0.49834656084656087
JPM,Transformer,3024,51.751250893495346,52.930664760543245,-1.179413867047896,0.5703008977134263,-0.05514799429855666,171.7952366019788,-0.006608730473874791,-0.20300930506434828,0.8391414262646876,0.7661003050611205,0.8005952380952381
JPM,Tree Ensemble,3024,49.49964260185847,52.930664760543245,-3.431022158684777,0.8756881949465101,-0.2018174128828749,183.346943786037,-0.06955605231520444,-1.8100253247492861,0.07039115486429316,0.5194541387536253,0.564484126984127
JPM,Zero return,3024,47.069335239456755,52.930664760543245,-5.861329521086489,,-0.0009806711235698096,167.32748162074526,0.0,,,0.0,0.0
KO,AR(1) returns,3024,52.83228433913365,52.98037763791188,-0.14809329877822908,0.1157436755671718,-0.001130906751970251,111.1413568729862,0.00854983195196676,0.4149653774191546,0.6781967056039689,0.79168087766873,0.8478835978835979
KO,"ARIMA(5, 0, 0) returns",3024,52.425027767493525,52.98037763791188,-0.5553498704183535,0.10957830158463311,-0.0066086854822784424,111.44500210082909,-0.020853227808849625,-0.9139425097266556,0.36081996635267766,0.7192845973845508,0.7060185185185185
KO,Historical mean,3024,52.98037763791188,52.98037763791188,0.0,,0.0,111.07856487143827,-3.199346726567806e-05,-1.0230050270955608,0.30638735197241634,1.0000072710972858,1.0
KO,Random sign,3024,52.46205109218808,52.98037763791188,-0.5183265457238018,0.009663158009633731,-0.7482883425960429,146.87124994082015,0.020693586720508236,0.8156023156146465,0.41479190136205196,0.5070655354933948,0.49834656084656087
KO,Tree Ensemble,3024,48.94483524620511,52.98037763791188,-4.03554239170677,0.9299392214911772,-0.11799148185010755,117.44904974869934,-0.06302168398640784,-2.4810947395032317,0.013151969031479136,0.5039667167178645,0.517526455026455
KO,Zero return,3024,47.019622362088114,52.98037763791188,-5.9607552758237645,,-0.0005011750606047638,111.10639628801279,0.0,,,0.0,0.0
MCD,AR(1) returns,3024,53.52164343360235,53.26485693323551,0.2567865003668457,0.01779826955303879,0.0063681427563735404,123.96522411810841,0.026804273595356233,1.1124927500233275,0.26601483372792895,0.7682798471881083,0.7748015873015873
MCD,"ARIMA(5, 0, 0) returns",3024,54.218635363169476,53.26485693323551,0.9537784299339713,0.0028928538486221685,-0.0025858054512761797,124.52251744362489,0.002415501022315266,0.1070111303085649,0.9147872529647614,0.807116209685821,0.7377645502645502
MCD,Historical mean,3024,53.26485693323551,53.26485693323551,0.0,,0.0,124.36183349742369,-3.272217172669821e-05,-1.0460612947658967,0.29561639437570414,1.0000104057390231,1.0
MCD,Random sign,3024,52.201027146001465,53.26485693323551,-1.0638297872340385,0.05329878255281372,-0.7042575483914613,162.3509108190303,-0.008303554967667945,-0.2910458949486593,0.7710361921179215,0.4711954928258076,0.49834656084656087
MCD,Tree Ensemble,3024,50.733675715333824,53.26485693323551,-2.531181217901679,0.2614671778428087,-0.2630465352377589,139.76447330951586,-0.04658505370524729,-1.6324149834899215,0.1026962784211596,0.5269638925305011,0.5142195767195767
MCD,Zero return,3024,46.735143066764486,53.26485693323551,-6.529713866471015,,-0.001083114758130277,124.42916433920529,0.0,,,0.0,0.0
META,AR(1) returns,2520,53.283145127561696,52.446675031367626,0.8364700961940641,0.029056495981900857,-0.00026407141477235996,248.7204653439579,0.028746877466906375,0.6868313649458936,0.4922522486861018,0.8684061976179395,0.9265873015873016
META,"ARIMA(5, 0, 0) returns",2520,52.32120451693852,52.446675031367626,-0.12547051442910462,0.243416280738464,-0.0028258287750431155,249.0387583162642,0.00793107618727932,0.13958333500398817,0.8890003715614794,0.6991335488444623,0.828968253968254
META,Historical mean,2520,52.446675031367626,52.446675031367626,0.0,,0.0,248.68763186401935,-3.782216997083568e-05,-1.007691644141536,0.31369934063487576,1.0000013826737832,1.0
META,Random sign,2520,51.275616896695944,52.446675031367626,-1.1710581346716875,0.11963247317139819,-0.8599932648838342,339.1640968520767,0.022765474154086973,0.36937057502837667,0.7118825859232955,0.45140355370128604,0.49523809523809526
META,Tree Ensemble,2520,52.57214554579674,52.446675031367626,0.12547051442910462,0.03244342604512309,-0.06096132730720849,256.15566427741396,0.0363921321368286,0.6152970863678252,0.5384141452222645,0.6477333246892362,0.6242063492063492
META,Zero return,2520,47.553324968632374,52.446675031367626,-4.893350062735258,,0.00032422504440865474,248.64731321643308,0.0,,,0.0,0.0
MRK,AR(1) returns,3024,51.4668598333937,52.01014125316914,-0.5432814197754432,0.28708775731778885,0.0003233705303974377,140.640024336288,0.01949599949415261,0.7089442159505421,0.4784137808301484,0.7600611222458817,0.8088624338624338
MRK,"ARIMA(5, 0, 0) returns",3024,50.45273451647954,52.01014125316914,-1.5574067366896038,0.4772774256120579,-0.002677288244729903,140.85094079850555,-0.0018494907873108728,-0.06306604645689003,0.9497180822973482,0.7079392276993297,0.6967592592592593
MRK,Historical mean,3024,52.01014125316914,52.01014125316914,0.0,,0.0,140.66276927235057,-3.1790113368739776e-05,-1.0165543548513156,0.3094468548540724,1.0000044262766479,1.0
MRK,Random sign,3024,50.851140890981526,52.01014125316914,-1.1590003621876122,0.21042115875858247,-0.7526846749065277,186.2220305735807,-0.004301178190839021,-0.13359273473458813,0.8937335247645342,0.4711619998421179,0.49834656084656087
MRK,Tree Ensemble,3024,50.4889532777979,52.01014125316914,-1.521187975371241,0.25815491418349223,-0.033824366887827306,143.02190069514836,-0.033125125987516414,-1.0277152163096306,0.304166058081409,0.5261326371255917,0.5578703703703703
MRK,Zero return,3024,47.98985874683086,52.01014125316914,-4.02028250633828,,-0.0002850527399300695,140.6828159977525,0.0,,,0.0,0.0
MSFT,AR(1) returns,3024,53.412356321839084,53.52011494252874,-0.10775862068965747,0.10738544026462338,0.004067344290001662,166.8121517059262,0.06616024986191003,2.1925704278905123,0.0284143345027075,0.8082277804377701,0.8386243386243386
MSFT,"ARIMA(5, 0, 0) returns",3024,52.29885057471264,53.52011494252874,-1.2212643678160995,0.20083986006845378,0.0003056207399062538,167.12688673382536,0.03682984184208174,1.0291618504264963,0.30348598829956014,0.6820245723580703,0.7056878306878307
MSFT,Historical mean,3024,53.52011494252874,53.52011494252874,0.0,,0.0,167.15243131057974,-3.2088972306817675e-05,-1.0251111152731824,0.30539280880519004,1.0000035578365223,1.0
MSFT,Random sign,3024,51.400862068965516,53.52011494252874,-2.1192528735632266,0.09917581674463166,-0.8036719512893864,224.48714352695833,-0.006000613248118353,-0.15620376759235105,0.8758828405799085,0.49800874202381884,0.49834656084656087
MSFT,Tree Ensemble,3024,50.32327586206896,53.52011494252874,-3.196839080459779,0.4367447306084396,-0.09788440728355097,175.14228301223517,0.009216649736965005,0.23980915217761914,0.8104944756140042,0.4928631120650264,0.4923941798941799
MSFT,Zero return,3024,46.479885057471265,53.52011494252874,-7.040229885057475,,-0.0016951705577334941,167.29404726030097,0.0,,,0.0,0.0
NEE,AR(1) returns,3024,55.07142857142857,55.035714285714285,0.03571428571428337,0.006257056349784176,0.000548741451630641,152.37391478281936,0.05798165293870373,2.0424900620139175,0.04118955668841907,0.7893786083166432,0.8670634920634921
NEE,"ARIMA(5, 0, 0) returns",3024,53.32142857142858,55.035714285714285,-1.7142857142857126,0.27173363522773186,-0.00312307398760292,152.65355621748398,-0.00042477440092887685,-0.014441517235183205,0.9884786901653188,0.7686993974297682,0.7542989417989417
NEE,Historical mean,3024,55.035714285714285,55.035714285714285,0.0,,0.0,152.4157389381868,-3.2427371479738416e-05,-1.036633499941031,0.29998963426976705,1.000007005956504,1.0
NEE,Random sign,3024,49.892857142857146,55.035714285714285,-5.142857142857143,0.7149383341594335,-0.5906972443115888,192.23106866740378,-0.044452112385117884,-1.273458030577127,0.20295349808685015,0.4828543117355066,0.49834656084656087
NEE,Tree Ensemble,3024,51.42857142857142,55.035714285714285,-3.6071428571428643,0.06110844563673589,-0.07286258622892716,157.87082052526353,-0.009683970692681178,-0.2773640808560956,0.7815195307530716,0.49721977095839376,0.5171957671957672
NEE,Zero return,3024,44.964285714285715,55.035714285714285,-10.071428571428577,,-0.0008333284162651555,152.4792318964914,0.0,,,0.0,0.0
NFLX,AR(1) returns,3024,51.17728531855956,51.38504155124654,-0.20775623268697307,0.5047671222309685,-0.0022538555334306043,272.4518404918726,-0.007612537729211076,-0.1877180479168342,0.8511102842282763,0.8772128708426926,0.9196428571428571
NFLX,"ARIMA(5, 0, 0) returns",3024,51.8005540166205,51.38504155124654,0.41551246537396835,0.1507369224325124,-0.003163111277141306,272.5753981312232,0.02219328944791876,0.4937371449929593,0.621527709689331,0.8428115633067536,0.90244708994709
NFLX,Historical mean,3024,51.38504155124654,51.38504155124654,0.0,,0.0,272.14532498178187,-3.134117161142065e-05,-1.001627796109185,0.31660358432833735,1.000000283937778,1.0
NFLX,Random sign,3024,50.242382271468145,51.38504155124654,-1.1426592797783908,0.37030084848689515,-1.5303537767198465,432.90390262002364,0.037983106860579756,0.6152373581308552,0.5384443053211885,0.4904705999533801,0.49834656084656087
NFLX,Tree Ensemble,3024,50.20775623268698,51.38504155124654,-1.177285318559551,0.5262897768196574,-0.10623470611611108,286.2361738585877,-0.03577170166901708,-0.5867552623005259,0.5574119147931486,0.5806343219646104,0.6127645502645502
NFLX,Zero return,3024,48.61495844875346,51.38504155124654,-2.7700831024930705,,-0.00039735993700840133,272.19938943614926,0.0,,,0.0,0.0
NKE,AR(1) returns,3024,51.710620099786176,50.784034212402,0.9265858873841792,0.031908085869575664,0.0008937415324875575,192.39065710004448,0.0011376284872125087,0.03318565099049779,0.9735287322492182,0.8136287718428983,0.8386243386243386
NKE,"ARIMA(5, 0, 0) returns",3024,50.46329294369208,50.784034212402,-0.32074126870991204,0.47044584167632997,-0.0031912588782225804,192.78356536682298,-0.03648139187654994,-0.9405105399064698,0.34703091594903457,0.7363532251872608,0.7103174603174603
NKE,Historical mean,3024,50.784034212402,50.784034212402,0.0,,0.0,192.47668853209578,-3.142808603550616e-05,-1.0054078940307962,0.31478097514139924,1.0000021791968745,1.0
NKE,Random sign,3024,52.957947255880256,50.784034212402,2.1739130434782594,0.0017939008399479655,-0.5834278717843033,242.20175227172928,0.09991688319382262,2.2748547599758493,0.02298440900755848,0.5108082477355396,0.49834656084656087
NKE,Tree Ensemble,3024,49.25160370634355,50.784034212402,-1.5324305060584464,0.9267019735940956,-0.11184773512605717,202.95548649862968,-0.08862678689515495,-2.0181598598719552,0.0436628100944393,0.5323614626076607,0.5251322751322751
NKE,Zero return,3024,49.215965787598,50.784034212402,-1.5680684248039922,,0.0006991399107459939,192.40939270031822,0.0,,,0.0,0.0
NVDA,AR(1) returns,3024,54.20817588457575,54.654757815183785,-0.4465819306080365,0.14491675022143147,0.0018163337877127317,295.6732586994673,0.0893707016200503,1.8699505409225976,0.061587300059790975,0.8576728052306608,0.8713624338624338
NVDA,"ARIMA(5, 0, 0) returns",3024,52.28443833734112,54.654757815183785,-2.370319477842664,0.4902220736541391,-0.0005731530058985523,296.02694362772166,-0.014084876056186342,-0.23576668712081514,0.8136296954933029,0.7469046908700165,0.7476851851851852
NVDA,Historical mean,3024,54.654757815183785,54.654757815183785,0.0,0.4529065912517861,0.0,295.942145711333,-0.0016160694155457778,-0.8241257759562736,0.40993313303374734,0.9998087017682494,0.9993386243386243
NVDA,Random sign,3024,49.57059429749227,54.654757815183785,-5.084163517691515,0.702752283184837,-0.787069180021541,395.61932789678565,-0.0729567671558286,-1.06262279483047,0.2880379521139875,0.5131966840557444,0.49834656084656087
NVDA,Tree Ensemble,3024,50.97904500171763,54.654757815183785,-3.6757128134661587,0.3916093519293887,-0.04782108837178245,302.93565057167274,0.06443484158326987,0.9417208175615374,0.3464108660261612,0.5427181790525347,0.5496031746031746
NVDA,Zero return,3024,45.345242184816215,54.654757815183785,-9.30951563036757,,-0.0030096770743870405,296.3871562740146,0.0,,,0.0,0.0
ORCL,AR(1) returns,3024,51.63934426229508,53.67070563079116,-2.0313613684960763,0.7493202861485841,-0.0013320247821426712,198.482216529066,-0.007242817619339915,-0.16469873238186888,0.869192129930278,0.6569991081107495,0.7549603174603174
ORCL,"ARIMA(5, 0, 0) returns",3024,50.534568781183175,53.67070563079116,-3.1361368496079844,0.9017509189767057,-0.004816562380897338,198.82726596437138,-0.06728640476358798,-1.4950599502150776,0.13500320846023842,0.6185794244902547,0.7013888888888888
ORCL,Historical mean,3024,53.67070563079116,53.67070563079116,0.0,,0.0,198.35015682891057,-3.168065187304415e-05,-1.0130519563212024,0.3111164457068968,1.000002484712082,1.0
ORCL,Random sign,3024,52.494654312188175,53.67070563079116,-1.1760513186029886,0.00304009059235439,-0.6389388210120963,253.92994544673823,-0.016101799627848933,-0.349231185086038,0.726940087726888,0.455998600436804,0.49834656084656087
ORCL,Tree Ensemble,3024,49.92872416250891,53.67070563079116,-3.7419814682822516,0.5793670175200979,-0.04934937314798127,203.18544848878312,-0.034544259154987995,-0.7792859776684976,0.43587229339399186,0.6448108272661912,0.5198412698412699
ORCL,Zero return,3024,46.32929436920884,53.67070563079116,-7.34141126158232,,-0.00024144323057151418,198.3741005350609,0.0,,,0.0,0.0
PFE,AR(1) returns,3024,50.41381792011514,50.23389708528248,0.17992083483266974,0.29599491348757534,-0.0018894309730850267,144.9395067519618,-0.0030003835030057205,-0.10650266992189256,0.9151906062544968,0.7656033219046271,0.8194444444444444
PFE,"ARIMA(5, 0, 0) returns",3024,50.88161209068011,50.23389708528248,0.647715005397631,0.2501410722354526,-0.005845518218735579,145.22538082252825,-0.029840645814982872,-1.003535564755346,0.31568287186842564,0.7245734142930578,0.7648809523809523
PFE,Historical mean,3024,50.23389708528248,50.23389708528248,0.0,,0.0,144.802773885327,-3.1505852840189295e-05,-1.0079212290609154,0.31357297402902323,1.0000042067474888,1.0
PFE,Random sign,3024,51.42137459517813,50.23389708528248,1.1874775098956514,0.059206233320306764,-0.7026173532827558,188.94500233100493,-0.006003368117168868,-0.18066432918144182,0.8566431735495096,0.49380318479397933,0.49834656084656087
PFE,Tree Ensemble,3024,50.30586541921554,50.23389708528248,0.07196833393307012,0.491692372750962,-0.08267107054712386,150.66943080670933,-0.07578046647092315,-2.291042713579439,0.022029467625407473,0.4478622503851523,0.47023809523809523
PFE,Zero return,3024,49.76610291471752,50.23389708528248,-0.4677941705649502,0.5,0.0007822010597359208,144.7461303649118,0.0,,,0.0,0.0
PG,AR(1) returns,3024,52.27356746765249,52.75415896487985,-0.48059149722735617,0.28528215071867336,0.0014412223125981338,114.34728013948369,0.008159801967972821,0.36055109760419324,0.7184602508701402,0.7529135880366125,0.7648809523809523
PG,"ARIMA(5, 0, 0) returns",3024,51.386321626617374,52.75415896487985,-1.3678373382624787,0.28186698799357557,0.0038602584378385485,114.20869143802456,-0.012643431763643496,-0.5077839108247532,0.6116419520241858,0.6574650955521126,0.6554232804232805
PG,Historical mean,3024,52.75415896487985,52.75415896487985,0.0,,0.0,114.42976923981007,-3.237488822537684e-05,-1.0355009406811138,0.3005178797990457,1.0000121006162221,1.0
PG,Random sign,3024,51.31238447319778,52.75415896487985,-1.4417744916820685,0.061896581936283,-0.7306655732271343,150.53781200446366,-0.022342571734356963,-0.8501373782048779,0.39531606007449843,0.5018564189585217,0.49834656084656087
PG,Tree Ensemble,3024,50.609981515711645,52.75415896487985,-2.1441774491682053,0.22423999819933926,-0.06827500586755186,118.27162281982088,-0.004095506452102817,-0.15920427983388402,0.8735185707535628,0.6021157806073173,0.5208333333333334
PG,Zero return,3024,47.245841035120144,52.75415896487985,-5.508317929759704,,-0.00028076661281128956,114.44583214176468,0.0,,,0.0,0.0
TSLA,AR(1) returns,2772,51.54332465600595,51.729267385645215,-0.18594272963926572,0.6888840711309986,-0.0007122613307233294,362.5240241635921,-0.014720944393826214,-0.459880319722918,0.6456382195515181,0.9651600107263102,0.987012987012987
TSLA,"ARIMA(5, 0, 0) returns",2772,50.83674228337672,51.729267385645215,-0.8925251022684932,0.9079632997260196,-0.005111940936075143,363.32007730909214,-0.15098542817707053,-2.5669621985199047,0.010311453449519075,0.8696191643207016,0.9278499278499278
TSLA,Historical mean,2772,51.729267385645215,51.729267385645215,0.0,,0.0,362.3949871686135,-3.430143040088145e-05,-1.0047957025834606,0.3150829976296398,1.0000004702105616,1.0
TSLA,Random sign,2772,48.97731498698401,51.729267385645215,-2.751952398661206,0.8703352868823235,-0.9211147074506041,502.2949710903275,-0.1444786107016208,-1.6572714211093817,0.09757785440659124,0.5033564220125939,0.49603174603174605
TSLA,Tree Ensemble,2772,51.87802156935663,51.729267385645215,0.14875418371141924,0.056754760650504214,-0.03386129120931458,368.4794897827136,0.06626940889843662,0.7955991759570263,0.4263332156165242,0.6469165961113769,0.6158008658008658
TSLA,Zero return,2772,48.27073261435478,51.729267385645215,-3.458534771290439,,-0.0001013391456043955,362.41334910261514,0.0,,,0.0,0.0
UNH,AR(1) returns,3024,51.78508306822198,52.91622481442205,-1.1311417462000706,0.690181849688206,-0.004964843930215235,184.3024692746151,-0.013164126345539963,-0.4079317235036121,0.6833526997334322,0.8143789263056409,0.8928571428571429
UNH,"ARIMA(5, 0, 0) returns",3024,52.10321668434076,52.91622481442205,-0.8130081300812941,0.23178164685395408,-0.0023394831045733255,184.06157681582485,0.028040450914778407,0.744853560838247,0.45641817173147253,0.7103142635783403,0.7612433862433863
UNH,Historical mean,3024,52.91622481442205,52.91622481442205,0.0,,0.0,183.84664938213368,-2.9752075038378366e-05,-0.9516013774507619,0.3413752833871713,0.9999907181561437,1.0
UNH,Random sign,3024,52.13856486390951,52.91622481442205,-0.7776599505125437,0.01847308383084415,-0.6794117395332324,238.25076927201064,-0.020934176047012924,-0.5041396377153556,0.6142000060982225,0.4850138796758725,0.49834656084656087
UNH,Tree Ensemble,3024,51.21951219512195,52.91622481442205,-1.6967126193001003,0.13036704573535352,-0.087929256729113,191.75912848802432,-0.023640701649282406,-0.5784633100791536,0.5629944669323905,0.5879307739623072,0.5568783068783069
UNH,Zero return,3024,47.08377518557794,52.91622481442205,-5.832449628844111,,-0.00013386883346533374,183.85895463856951,0.0,,,0.0,0.0
WMT,AR(1) returns,3024,52.77372262773723,53.7956204379562,-1.0218978102189746,0.32065377571727016,-0.0018238443759230893,133.34193363534948,0.005853532289296905,0.23069242522462416,0.8175693743559316,0.7804695584041681,0.7962962962962963
WMT,"ARIMA(5, 0, 0) returns",3024,51.82481751824818,53.7956204379562,-1.9708029197080257,0.5593246295468712,-0.0026517915917079193,133.39702180428364,0.0014282534097928808,0.05039732557487415,0.9598090981832966,0.6905612974780209,0.7060185185185185
WMT,BiLSTM,3024,51.058394160583944,53.7956204379562,-2.737226277372262,0.9668084484807049,-0.014505184909735291,134.18321773285376,-0.02796512372847951,-1.1770282800472376,0.23927691456119735,0.8157710434418617,0.7605820105820106
WMT,Historical mean,3024,53.7956204379562,53.7956204379562,0.0,,0.0,133.22050224622612,-3.196736763694483e-05,-1.021449842435962,0.30712312264230013,1.0000041217556408,1.0
WMT,Hybrid meta (+VIX),2520,52.36013986013987,54.41433566433567,-2.054195804195802,0.9324642985504117,-0.0014839400024304616,136.4241015025254,-0.025608438602390118,-1.221073471584355,0.22217252395761308,0.8968488596092036,0.8142857142857143
WMT,Hybrid meta (no VIX),2520,54.37062937062937,54.41433566433567,-0.04370629370629153,0.19697257689537928,-2.054808423590515e-05,136.32439200978538,0.0062775381737054025,0.36260947570627133,0.7169270632454771,0.932041223152037,0.9
WMT,Random sign,3024,52.15328467153285,53.7956204379562,-1.6423357664233529,0.007078879248139032,-0.5959991817836476,168.3012721866465,0.05541360995000425,1.8105438074628517,0.07031077100358422,0.5009830832319115,0.49834656084656087
WMT,Transformer,3024,51.86131386861314,53.7956204379562,-1.9343065693430694,0.7935447577137407,-0.011115453247881879,133.95885925539392,-0.010592163813761836,-0.4211237597195628,0.6736946606496393,0.7859335403435207,0.8025793650793651
WMT,Tree Ensemble,3024,49.78102189781022,53.7956204379562,-4.014598540145986,0.6531345671823949,-0.03176951011643636,135.32013162836637,-0.03586036289004239,-1.1698250115107376,0.2421636481247382,0.5086444547120574,0.5095899470899471
WMT,Zero return,3024,46.2043795620438,53.7956204379562,-7.591240875912408,,-0.001545257353397611,133.3233924939512,0.0,,,0.0,0.0
XOM,AR(1) returns,3024,50.923951670220326,51.314854299928925,-0.39090262970860046,0.4109999815933945,-0.000977915141879615,169.19345993436593,-0.004036723079309724,-0.11182576595797213,0.9109689839930046,0.6819188438879559,0.7526455026455027
XOM,"ARIMA(5, 0, 0) returns",3024,49.076048329779674,51.314854299928925,-2.238805970149249,0.8415156698580714,-0.014434814480731584,170.32696052669772,-0.10096948670895184,-2.6349073556413862,0.008458998327294147,0.5753892973549465,0.5965608465608465
XOM,BiLSTM,3024,49.89339019189765,51.314854299928925,-1.4214641080312729,0.6982102011500919,-0.006024645214302682,169.61944343959235,-0.01682431037327151,-0.4506797612795714,0.6522527030833045,0.6351459266587226,0.5360449735449735
XOM,Historical mean,3024,51.70575692963752,51.314854299928925,0.39090262970860046,0.11977724879379331,0.0,169.11079213780638,0.018491078673828067,0.5364662964966823,0.5916758104561304,0.7284987571314007,0.9332010582010583
XOM,Hybrid meta (+VIX),2520,51.424925563589966,52.06295193534666,-0.6380263717566947,0.10592942664586019,-0.014221827621652805,176.65865086124273,-0.035708579138590144,-0.8113577949570834,0.4172369147226073,0.5195591847963262,0.5432539682539682
XOM,Hybrid meta (no VIX),2520,51.72267120374309,52.06295193534666,-0.34028073160357053,0.05684187836401809,-0.009434072219562717,176.24118846641585,-0.03764440590750917,-0.855110679527904,0.3925712317442398,0.5131420498375955,0.5515873015873016
XOM,Random sign,3024,49.78678038379531,51.314854299928925,-1.5280739161336154,0.4121449332193207,-0.6004883735482474,213.94275580013291,0.022896318821050435,0.5907022748944459,0.5547640957543477,0.490313829903275,0.49834656084656087
XOM,Transformer,3024,50.56858564321251,51.314854299928925,-0.7462686567164201,0.3206741166215954,-0.00466924917063416,169.50514255678016,-0.01908731007800968,-0.5137520322517349,0.6074629288019324,0.6428342374956746,0.5869708994708994
XOM,Tree Ensemble,3024,50.7818052594172,51.314854299928925,-0.5330490405117239,0.13538010705852482,-0.20418769391517877,185.57455002766486,-0.025276042080096345,-0.6562200444314442,0.5117325140957597,0.4438719457186471,0.4497354497354497
XOM,Zero return,3024,48.685145700071075,51.314854299928925,-2.6297085998578495,,-1.1924873334123731e-05,169.11180044718822,0.0,,,0.0,0.0
